POINT_X,POINT_Y,hv_pres
18.82932000000,69.60769000000,1
-6.45253000000,54.42015000000,1
6.02853000000,62.50975000000,1
-1.14820000000,54.61703000000,1
-0.49424000000,51.28394000000,1
-1.78054000000,52.19263000000,1
-0.34116000000,51.55168000000,1
-94.15000000000,58.76000000000,1
-94.00000000000,58.77000000000,1
11.01084000000,59.03273000000,1
10.75000000000,53.95003000000,1
6.70076000000,58.06718000000,1
6.61992000000,58.08736000000,1
6.77904000000,58.06776000000,1
-2.88321000000,56.05475000000,1
-6.17682000000,56.79664000000,1
-6.19193000000,55.23860000000,1
5.70356000000,58.53611000000,1
5.70669000000,58.53571000000,1
7.44650000000,58.01937000000,1
24.74530000000,71.10851000000,1
9.97368000000,58.98469000000,1
4.90004000000,61.84374000000,1
19.77655000000,80.35046000000,1
6.78308000000,58.06465000000,1
10.71909000000,59.88094000000,1
18.71912000000,70.07899000000,1
10.08831000000,59.00932000000,1
-94.20000000000,58.78000000000,1
-94.19000000000,58.78000000000,1
18.50000000000,57.50000000000,1
18.54309000000,80.01209000000,1
10.39250000000,59.06904000000,1
14.21078000000,78.06214000000,1
-0.38827000000,54.24973000000,1
-0.40896000000,53.71062000000,1
0.80062000000,51.35007000000,1
-3.85928000000,56.31352000000,1
12.21985000000,65.94903000000,1
16.56500000000,56.40390000000,1
18.03571000000,69.63096000000,1
19.29305000000,69.22194000000,1
6.93020000000,62.90293000000,1
10.08333000000,54.35003000000,1
13.06610000000,55.37380000000,1
16.92688000000,69.37952000000,1
10.63503000000,59.89250000000,1
21.31964000000,77.97031000000,1
-5.90014000000,54.37586000000,1
-10.02658000000,53.79306000000,1
-6.18637000000,53.46398000000,1
-9.50937000000,52.04832000000,1
16.57670000000,56.79920000000,1
-1.92911000000,50.75401000000,1
-0.70640000000,53.89400000000,1
-3.98254000000,52.35603000000,1
-2.07530000000,53.45148000000,1
12.35750000000,56.92430000000,1
6.78490000000,58.06015000000,1
13.38106000000,79.42159000000,1
5.01801000000,61.85980000000,1
30.59823000000,70.54126000000,1
21.80282000000,80.20742000000,1
-1.49897000000,51.20262000000,1
-4.13362000000,52.44333000000,1
-9.65834000000,51.55600000000,1
-0.62412000000,51.73519000000,1
12.90800000000,56.61680000000,1
5.77905000000,58.52464000000,1
5.79616000000,58.51185000000,1
15.70068000000,78.21882000000,1
10.49923000000,59.29141000000,1
9.96905000000,58.98272000000,1
9.92687000000,58.97858000000,1
5.90000000000,61.80000000000,1
-0.20053000000,51.45967000000,1
-4.38894000000,51.71896000000,1
-2.88117000000,55.96490000000,1
-3.20152000000,55.96219000000,1
-1.60492000000,55.42824000000,1
-0.47526000000,51.31562000000,1
158.86670000000,-54.61670000000,1
-58.00000000000,-62.00000000000,1
11.00798000000,59.03213000000,1
10.05344000000,59.03616000000,1
14.09360000000,55.38490000000,1
14.19260000000,55.38250000000,1
8.25000000000,49.45003000000,1
13.91667000000,52.85003000000,1
12.36060000000,56.92080000000,1
30.72813000000,70.42869000000,1
-5.67931000000,54.47066000000,1
-10.11575000000,53.75558000000,1
10.43735000000,59.06304000000,1
-4.54296000000,54.41350000000,1
-2.21728000000,51.74305000000,1
-1.45431000000,54.88843000000,1
0.27601000000,52.35074000000,1
-2.64796000000,51.47169000000,1
-5.91054000000,54.60510000000,1
10.28071000000,63.27603000000,1
30.72719000000,70.42871000000,1
9.82028000000,58.97511000000,1
10.30137000000,63.02969000000,1
28.87058000000,70.83487000000,1
-3.04135000000,55.96365000000,1
-1.60582000000,55.33837000000,1
18.89948000000,69.67852000000,1
10.71767000000,59.87949000000,1
5.59261000000,59.02033000000,1
10.62135000000,59.42497000000,1
11.14820000000,58.84610000000,1
12.83590000000,55.41800000000,1
12.51900000000,56.25870000000,1
5.80000000000,61.10000000000,1
8.25000000000,49.25003000000,1
24.70000000000,59.40000000000,1
8.08333000000,49.45003000000,1
12.63060000000,56.75800000000,1
9.61263000000,58.88605000000,1
21.31027000000,77.96607000000,1
9.87863000000,58.97494000000,1
16.37920000000,56.42490000000,1
19.73130000000,63.50450000000,1
-1.19512000000,59.91809000000,1
0.12069000000,52.17377000000,1
-2.83353000000,53.71829000000,1
-3.19874000000,55.87235000000,1
6.80186000000,62.81680000000,1
15.87595000000,69.27368000000,1
12.38533000000,66.05839000000,1
-0.64025000000,51.19579000000,1
-2.22080000000,52.46237000000,1
0.14235000000,52.62302000000,1
-10.04906000000,53.79699000000,1
-1.46842000000,53.80990000000,1
-2.22590000000,53.45129000000,1
-5.60654000000,54.50960000000,1
18.26617000000,80.17126000000,1
14.40950000000,56.13930000000,1
-5.95180000000,54.57442000000,1
-4.61195000000,55.49088000000,1
0.07097000000,51.09542000000,1
-8.07742000000,54.62310000000,1
-2.07514000000,53.36158000000,1
-4.78272000000,55.66692000000,1
9.47884000000,62.18077000000,1
29.24500000000,70.79758000000,1
10.45350000000,59.07889000000,1
5.70022000000,58.53644000000,1
11.00919000000,59.03247000000,1
5.74616000000,58.53572000000,1
9.10648000000,62.06131000000,1
19.04487000000,74.44588000000,1
31.03719000000,70.30852000000,1
15.68060000000,56.07510000000,1
5.54810000000,58.81114000000,1
30.67222000000,70.25117000000,1
7.15387000000,62.98346000000,1
9.60341000000,58.87848000000,1
17.70000000000,60.00000000000,1
-5.98315000000,54.56596000000,1
-6.67189000000,58.12849000000,1
-6.52540000000,58.31368000000,1
-0.53534000000,54.43139000000,1
-3.36167000000,55.96053000000,1
10.74321000000,59.88952000000,1
28.44627000000,70.51194000000,1
28.18897000000,70.40421000000,1
12.35620000000,56.92460000000,1
13.25000000000,52.35003000000,1
5.55942000000,58.86622000000,1
10.46824000000,59.08354000000,1
5.72751000000,58.53683000000,1
8.07974000000,58.19089000000,1
5.56092000000,58.86707000000,1
10.67997000000,59.31562000000,1
-7.39581000000,57.28979000000,1
-1.77875000000,52.55228000000,1
-6.38175000000,54.43260000000,1
30.67130000000,70.25119000000,1
10.25000000000,52.75003000000,1
9.61373000000,58.88625000000,1
158.85805000000,-54.61804000000,1
-93.98000000000,58.77000000000,1
10.46566000000,59.22285000000,1
-6.18683000000,56.88624000000,1
-2.35928000000,51.38300000000,1
-1.47949000000,52.91097000000,1
-3.48839000000,50.74453000000,1
11.01445000000,59.03166000000,1
7.76943000000,62.96522000000,1
6.68625000000,58.06921000000,1
-5.53954000000,54.48587000000,1
12.82250000000,56.65970000000,1
14.08700000000,55.38480000000,1
29.27743000000,70.79337000000,1
0.09544000000,51.63463000000,1
-2.07546000000,53.54138000000,1
-1.29841000000,54.88763000000,1
-0.04898000000,51.63712000000,1
12.45320000000,56.30300000000,1
14.08530000000,55.38510000000,1
-1.18208000000,52.90929000000,1
10.50376000000,59.80293000000,1
-93.84000000000,58.77000000000,1
14.27890000000,55.47140000000,1
16.61450000000,56.49010000000,1
14.05810000000,55.38110000000,1
6.75000000000,53.55003000000,1
7.65554000000,60.29738000000,1
6.33471000000,61.86857000000,1
-6.57302000000,53.35668000000,1
-1.63275000000,52.37209000000,1
11.70000000000,58.50000000000,1
10.46325000000,59.08415000000,1
0.28126000000,52.31017000000,1
5.77998000000,58.52353000000,1
-1.77314000000,53.63108000000,1
-8.38622000000,54.53267000000,1
18.14797000000,69.62861000000,1
31.03828000000,70.30850000000,1
12.48250000000,56.29970000000,1
9.58333000000,53.75003000000,1
-8.88569000000,53.66316000000,1
-6.55188000000,53.34317000000,1
-5.18841000000,56.73594000000,1
-1.35957000000,50.93214000000,1
-1.63423000000,52.19227000000,1
-3.13176000000,53.53604000000,1
-6.11867000000,53.44026000000,1
-2.37649000000,53.45091000000,1
-1.48375000000,52.55136000000,1
-1.22175000000,50.66149000000,1
-3.52535000000,56.04848000000,1
-9.52931000000,52.00722000000,1
5.60350000000,58.87720000000,1
14.19500000000,55.38490000000,1
-5.57070000000,50.15948000000,1
-5.08613000000,55.47984000000,1
-5.92423000000,54.33574000000,1
6.78072000000,58.06248000000,1
10.45354000000,59.07621000000,1
22.89347000000,77.29508000000,1
12.30030000000,57.03500000000,1
12.51150000000,56.26430000000,1
5.60339000000,58.88278000000,1
-6.24930000000,55.20798000000,1
-8.83150000000,53.63190000000,1
14.28240000000,55.47300000000,1
10.43158000000,59.15295000000,1
4.96389000000,60.57967000000,1
-3.75833000000,50.38098000000,1
-3.48555000000,50.65462000000,1
-6.27274000000,53.35271000000,1
-68.35000000000,-67.60000000000,1
-59.83333330000,-63.56666670000,1
-59.91000000000,-62.59000000000,1
-62.55000000000,-64.83333300000,1
-60.65000000000,-62.97694400000,1
-60.58613890000,-62.99561110000,1
-60.63300000000,-62.95000000000,1
-60.68022220000,-62.92861110000,1
-57.28333330000,-63.80000000000,1
-36.75000000000,-54.25000000000,1
37.76666700000,-46.90000000000,1
51.98333300000,-46.41666700000,1
69.16666700000,-49.25000000000,1
158.85000000000,-54.61670000000,1
8.91667000000,51.75003000000,0
11.08333000000,51.35003000000,0
10.08333000000,50.95003000000,0
4.70000000000,43.70000000000,0
9.58333000000,48.55002000000,0
11.25000000000,49.85003000000,0
11.41667000000,49.65003000000,0
11.41667000000,49.75003000000,0
11.75000000000,49.25002000000,0
11.41667000000,49.55003000000,0
11.25000000000,49.75003000000,0
11.58333000000,49.65003000000,0
11.25000000000,49.55003000000,0
11.58333000000,49.55003000000,0
11.58333000000,49.45003000000,0
11.41667000000,49.85002000000,0
11.25000000000,49.65003000000,0
11.25000000000,50.05003000000,0
11.58333000000,49.75003000000,0
10.41667000000,49.55002000000,0
11.75000000000,48.95003000000,0
10.75000000000,48.85002000000,0
13.41667000000,54.05003000000,0
15.00000000000,47.80000000000,0
8.91667000000,54.15003000000,0
8.91667000000,54.05003000000,0
8.75000000000,54.65003000000,0
8.91667000000,54.25003000000,0
8.20000000000,55.50000000000,0
8.75000000000,54.75003000000,0
8.41667000000,54.95003000000,0
8.58333000000,54.95003000000,0
8.41667000000,55.05003000000,0
8.58333000000,52.75003000000,0
10.08333000000,51.55003000000,0
8.50000000000,57.00000000000,0
12.25000000000,49.35003000000,0
8.08333000000,49.95003000000,0
-2.50000000000,55.00000000000,0
11.75000000000,51.45003000000,0
6.60000000000,53.00000000000,0
7.91667000000,49.95003000000,0
8.25000000000,50.05003000000,0
8.25000000000,51.15003000000,0
10.08333000000,51.05003000000,0
11.91667000000,48.15002000000,0
11.08333000000,49.25003000000,0
11.41667000000,48.65003000000,0
9.41667000000,50.05003000000,0
20.10000000000,49.10000000000,0
5.60000000000,50.80000000000,0
5.20000000000,52.30000000000,0
4.80000000000,52.30000000000,0
5.60000000000,52.00000000000,0
6.08036000000,50.84876000000,0
6.10000000000,51.30000000000,0
5.70000000000,51.80000000000,0
5.60000000000,51.90000000000,0
5.20000000000,51.80000000000,0
6.07152000000,51.84931000000,0
6.00000000000,52.30000000000,0
5.90000000000,51.80000000000,0
5.80000000000,51.80000000000,0
16.90000000000,48.70000000000,0
11.91667000000,53.35003000000,0
19.70000000000,64.30000000000,0
12.08333000000,53.35003000000,0
11.75000000000,48.35002000000,0
10.08333000000,49.65003000000,0
14.25000000000,52.45003000000,0
23.80000000000,35.30000000000,0
23.80000000000,35.20000000000,0
23.90000000000,35.30000000000,0
14.41667000000,52.65003000000,0
11.08333000000,51.05003000000,0
14.25000000000,51.35003000000,0
11.58333000000,50.95003000000,0
14.75075000000,50.85040000000,0
11.08333000000,49.55003000000,0
5.80000000000,52.10000000000,0
9.08333000000,48.55003000000,0
11.41667000000,51.95003000000,0
8.08333000000,53.15003000000,0
10.25000000000,52.15003000000,0
-2.30000000000,46.70000000000,0
24.90000000000,60.10000000000,0
13.60000000000,56.00000000000,0
8.75000000000,53.85003000000,0
20.30000000000,69.60000000000,0
16.30000000000,78.80000000000,0
8.75000000000,53.05003000000,0
7.89957000000,54.18346000000,0
8.75000000000,50.85003000000,0
9.08333000000,48.65003000000,0
12.90000000000,59.90000000000,0
11.60000000000,56.80000000000,0
10.08333000000,53.55003000000,0
11.30000000000,54.70000000000,0
1.30000000000,50.10000000000,0
15.60000000000,58.10000000000,0
-6.70000000000,33.50000000000,0
19.90000000000,60.20000000000,0
24.60000000000,60.40000000000,0
10.00000000000,56.00000000000,0
6.41667000000,49.85003000000,0
10.41666000000,52.15003000000,0
10.25000000000,52.05003000000,0
11.91667000000,48.05002000000,0
9.91667000000,48.45002000000,0
11.41667000000,48.15002000000,0
9.91667000000,48.15002000000,0
8.58333000000,48.45002000000,0
14.60000000000,48.50000000000,0
14.90000000000,48.40000000000,0
13.60000000000,47.30000000000,0
15.20000000000,48.90000000000,0
13.30000000000,48.00000000000,0
10.41667000000,48.25003000000,0
2.00000000000,47.40000000000,0
8.08333000000,53.75003000000,0
-5.50000000000,42.70000000000,0
10.08333000000,50.65003000000,0
10.25000000000,50.65003000000,0
10.08333000000,50.55003000000,0
9.25000000000,48.95003000000,0
11.30000000000,43.30000000000,0
11.58333000000,50.85003000000,0
11.58333000000,52.05003000000,0
10.58333000000,51.85003000000,0
10.41667000000,51.75003000000,0
10.58333000000,51.65003000000,0
8.58333000000,50.15003000000,0
13.60000000000,46.50000000000,0
8.75000000000,53.15003000000,0
9.25000000000,48.75003000000,0
8.75000000000,50.65003000000,0
6.00000000000,43.00000000000,0
10.58333000000,51.95003000000,0
8.25000000000,48.65002000000,0
6.58333000000,50.95003000000,0
9.91667000000,48.65002000000,0
10.75000000000,51.75003000000,0
10.58333000000,52.25003000000,0
7.08333000000,49.35002000000,0
7.25000000000,49.25003000000,0
9.91667000000,48.35002000000,0
11.91667000000,50.05003000000,0
9.75000000000,52.55003000000,0
4.80000000000,43.70000000000,0
12.08333000000,47.75002000000,0
14.25000000000,51.15003000000,0
8.91667000000,53.15003000000,0
8.58333000000,48.65002000000,0
9.70000000000,46.40000000000,0
17.90000000000,40.10000000000,0
13.75000000000,51.05003000000,0
14.75000000000,51.15003000000,0
9.80000000000,46.50000000000,0
10.00000000000,46.30000000000,0
14.58333000000,51.25003000000,0
6.16765000000,52.91204000000,0
5.85686000000,51.65538000000,0
6.31533000000,52.86605000000,0
6.76498000000,52.99652000000,0
6.46270000000,52.81987000000,0
5.78265000000,51.43094000000,0
4.91801000000,51.61044000000,0
6.37140000000,52.05668000000,0
5.06237000000,51.61093000000,0
5.20233000000,52.68978000000,0
6.30311000000,52.28195000000,0
6.44963000000,52.28072000000,0
6.66296000000,52.05389000000,0
5.35111000000,51.61138000000,0
5.05341000000,52.82426000000,0
4.76997000000,51.87941000000,0
4.76750000000,52.05917000000,0
5.87488000000,53.31796000000,0
7.22110000000,53.21509000000,0
4.83145000000,52.77850000000,0
5.72378000000,53.18370000000,0
4.98048000000,52.68923000000,0
4.83819000000,52.23928000000,0
6.08756000000,52.55305000000,0
6.51492000000,51.96551000000,0
6.39685000000,53.17992000000,0
6.23499000000,52.55209000000,0
5.13505000000,51.52122000000,0
4.91520000000,51.88009000000,0
5.49624000000,51.92593000000,0
5.49613000000,51.88098000000,0
6.52289000000,52.28004000000,0
5.64393000000,52.33016000000,0
4.69667000000,51.92395000000,0
4.98214000000,52.50949000000,0
6.10069000000,53.36176000000,0
6.22393000000,51.96794000000,0
6.30590000000,52.41675000000,0
6.16604000000,52.82218000000,0
5.27751000000,52.19557000000,0
6.53568000000,52.77426000000,0
6.23413000000,52.50716000000,0
6.68784000000,52.90751000000,0
4.77425000000,51.56483000000,0
5.78421000000,51.61071000000,0
6.89370000000,52.41073000000,0
5.05409000000,52.73439000000,0
6.74815000000,52.45743000000,0
3.54694000000,51.59690000000,0
4.98255000000,52.46456000000,0
5.57380000000,53.09417000000,0
5.79063000000,52.32975000000,0
5.49494000000,51.38662000000,0
6.61353000000,52.90829000000,0
5.72204000000,52.95905000000,0
4.84040000000,52.05953000000,0
4.40399000000,52.01175000000,0
5.05306000000,52.86919000000,0
4.97965000000,52.77910000000,0
5.13279000000,51.92570000000,0
6.23934000000,52.77675000000,0
7.03895000000,52.36384000000,0
5.27762000000,52.15063000000,0
5.05813000000,52.19516000000,0
5.57361000000,53.04924000000,0
5.56984000000,52.15054000000,0
3.55780000000,51.32736000000,0
5.94990000000,53.31764000000,0
5.64926000000,53.22881000000,0
4.40498000000,51.96682000000,0
5.20346000000,52.42017000000,0
4.91091000000,52.28454000000,0
4.90752000000,52.59909000000,0
6.23672000000,52.64195000000,0
5.20674000000,51.61124000000,0
5.56642000000,51.29664000000,0
6.16525000000,52.77725000000,0
4.98296000000,52.41962000000,0
4.76184000000,52.46360000000,0
6.30497000000,52.37181000000,0
5.56748000000,51.56630000000,0
6.81445000000,52.23193000000,0
4.75345000000,53.04771000000,0
4.69320000000,52.14864000000,0
5.79186000000,52.46456000000,0
6.44536000000,52.10099000000,0
7.28999000000,53.07919000000,0
6.38039000000,52.46108000000,0
6.96717000000,52.40977000000,0
3.84162000000,51.42137000000,0
5.49505000000,51.43156000000,0
4.98661000000,52.01518000000,0
6.38751000000,52.77559000000,0
5.92858000000,51.61013000000,0
5.87437000000,53.27304000000,0
5.72135000000,52.86919000000,0
6.61102000000,52.81844000000,0
4.55794000000,51.56350000000,0
5.13048000000,52.33016000000,0
6.45071000000,52.32565000000,0
6.39580000000,53.13500000000,0
5.64656000000,52.77951000000,0
5.71268000000,51.70081000000,0
4.25722000000,52.05538000000,0
5.93733000000,52.32915000000,0
5.06075000000,51.83564000000,0
5.71695000000,52.28504000000,0
4.55131000000,51.92300000000,0
6.98667000000,52.94882000000,0
6.46381000000,52.86480000000,0
5.92644000000,51.43036000000,0
12.25528000000,79.74444000000,0
16.04055000000,78.89500000000,0
20.13417000000,79.25167000000,0
13.61162000000,64.30367000000,0
13.72443000000,64.18814000000,0
10.15709000000,61.55734000000,0
9.91601000000,61.58598000000,0
12.32366000000,61.30353000000,0
23.75790000000,69.20828000000,0
20.76132000000,80.71375000000,0
10.64240000000,60.94958000000,0
10.63079000000,60.95440000000,0
17.53923000000,69.19796000000,0
25.92462000000,69.69250000000,0
9.64472000000,60.09814000000,0
8.44968000000,61.89084000000,0
11.23759000000,60.42149000000,0
29.95440000000,70.52464000000,0
9.98530000000,59.64307000000,0
10.78996000000,64.50634000000,0
15.10397000000,68.98603000000,0
10.82381000000,62.14354000000,0
10.69184000000,64.46456000000,0
19.74804000000,68.73082000000,0
20.19298000000,69.93128000000,0
12.04756000000,61.24910000000,0
12.27791000000,61.34013000000,0
20.68912000000,69.85794000000,0
5.48496000000,60.18731000000,0
9.80032000000,59.68594000000,0
12.02084000000,61.27177000000,0
8.73053000000,61.00520000000,0
23.57398000000,69.19369000000,0
19.74194000000,68.92150000000,0
22.49485000000,69.27288000000,0
12.35387000000,61.31712000000,0
8.78271000000,61.11592000000,0
21.27646000000,69.56926000000,0
11.02370000000,64.43009000000,0
8.49786000000,61.16314000000,0
18.54094000000,68.80601000000,0
8.18397000000,62.55307000000,0
10.85259000000,64.36555000000,0
11.40984000000,63.84645000000,0
11.43511000000,64.42704000000,0
29.83098000000,70.09422000000,0
9.55219000000,60.82644000000,0
8.84361000000,60.86516000000,0
9.46021000000,59.58698000000,0
8.81120000000,60.87825000000,0
9.02229000000,59.72708000000,0
19.87800000000,68.93110000000,0
8.03805000000,59.69118000000,0
11.96107000000,61.83740000000,0
8.34594000000,61.63342000000,0
13.15967000000,65.54572000000,0
28.83186000000,69.11919000000,0
9.31520000000,62.72002000000,0
8.40579000000,61.60864000000,0
8.81253000000,61.41187000000,0
12.06805000000,59.92037000000,0
15.81022000000,66.74860000000,0
8.67771000000,58.37545000000,0
8.04902000000,61.64015000000,0
6.33604000000,58.92235000000,0
8.40176000000,61.62465000000,0
8.87848000000,61.54236000000,0
9.30522000000,62.73577000000,0
23.19502000000,70.49680000000,0
9.63419000000,60.17943000000,0
5.12738000000,59.60668000000,0
15.46825000000,68.75425000000,0
15.44394000000,66.83713000000,0
5.44607000000,60.14162000000,0
29.24012000000,69.16773000000,0
15.41153000000,66.82149000000,0
9.27717000000,62.74156000000,0
5.89556000000,60.11546000000,0
23.73694000000,70.64537000000,0
9.28158000000,60.02542000000,0
6.31542000000,58.84297000000,0
10.30729000000,62.19833000000,0
10.11646000000,62.12679000000,0
8.78323000000,59.44048000000,0
8.92039000000,61.17491000000,0
16.65161000000,78.67078000000,0
8.43198000000,62.93653000000,0
16.65194000000,68.56698000000,0
8.48511000000,62.91711000000,0
8.17128000000,62.49410000000,0
18.60510000000,69.11895000000,0
5.88112000000,59.56437000000,0
8.46562000000,61.59089000000,0
5.46364000000,60.18022000000,0
16.05000000000,79.32194000000,0
13.82674000000,64.14692000000,0
9.97753000000,61.53335000000,0
13.62048000000,64.36188000000,0
8.47319000000,62.98044000000,0
11.10999000000,60.80401000000,0
8.38715000000,61.88581000000,0
8.71926000000,61.01626000000,0
9.80621000000,62.64561000000,0
25.46823000000,70.31071000000,0
23.25484000000,80.33602000000,0
23.04302000000,69.01229000000,0
11.15356000000,64.40823000000,0
29.80632000000,70.54832000000,0
21.52941000000,69.45729000000,0
8.67116000000,59.84750000000,0
8.85025000000,59.77479000000,0
9.82079000000,59.54511000000,0
29.12782000000,69.18668000000,0
8.35640000000,61.59773000000,0
8.97954000000,59.21837000000,0
29.17759000000,69.14997000000,0
28.96854000000,69.14951000000,0
4.88725000000,59.31257000000,0
28.94936000000,69.12175000000,0
8.43316000000,61.64210000000,0
15.59018000000,66.74826000000,0
14.29864000000,66.41170000000,0
20.84604000000,77.53872000000,0
25.30900000000,70.18648000000,0
8.04225000000,59.70438000000,0
22.88150000000,78.05758000000,0
5.41163000000,60.26371000000,0
18.16389000000,77.50389000000,0
12.03775000000,61.80007000000,0
12.14815000000,61.54949000000,0
10.93194000000,60.87573000000,0
19.94840000000,69.77042000000,0
8.57093000000,61.14938000000,0
10.85670000000,62.12053000000,0
29.99645000000,70.53607000000,0
19.44439000000,68.74428000000,0
9.42539000000,60.03781000000,0
8.45395000000,61.65001000000,0
16.52830000000,68.67433000000,0
8.43613000000,61.59795000000,0
6.45548000000,60.91152000000,0
5.49937000000,60.34208000000,0
5.08690000000,60.06274000000,0
19.86287000000,68.92254000000,0
23.26867000000,69.93366000000,0
22.84431000000,78.25042000000,0
28.20558000000,71.08203000000,0
10.94035000000,60.57295000000,0
8.17581000000,62.47997000000,0
11.09868000000,61.56593000000,0
11.63083000000,79.84388000000,0
9.73190000000,60.63056000000,0
8.51559000000,61.86850000000,0
18.33095000000,68.86374000000,0
8.75852000000,59.79974000000,0
26.22920000000,69.81282000000,0
9.01651000000,58.57155000000,0
8.98252000000,58.56194000000,0
8.74880000000,61.04189000000,0
11.93565000000,61.91988000000,0
8.75983000000,61.04712000000,0
8.84242000000,60.98526000000,0
28.94722000000,69.15422000000,0
29.00525000000,69.08059000000,0
29.01571000000,69.16266000000,0
29.86253000000,70.50583000000,0
8.70686000000,62.96667000000,0
10.97351000000,60.56998000000,0
9.03633000000,60.64194000000,0
12.25055000000,59.94483000000,0
8.78863000000,61.12005000000,0
8.74615000000,61.09852000000,0
8.89831000000,61.54152000000,0
7.47724000000,61.10289000000,0
8.41712000000,59.60923000000,0
8.44824000000,61.68585000000,0
8.36762000000,61.59810000000,0
28.96800000000,69.16202000000,0
5.44331000000,60.21735000000,0
7.83874000000,61.51900000000,0
5.40213000000,60.27832000000,0
15.12232000000,69.01849000000,0
10.01035000000,62.32268000000,0
8.52629000000,61.15597000000,0
11.10468000000,60.25128000000,0
8.59741000000,62.99191000000,0
15.98539000000,67.99749000000,0
7.65952000000,62.43374000000,0
8.38193000000,61.82741000000,0
20.16935000000,68.97675000000,0
20.31777000000,69.37889000000,0
8.65996000000,59.84771000000,0
7.76595000000,61.86140000000,0
8.02540000000,59.76792000000,0
10.21385000000,62.17413000000,0
18.43026000000,68.83362000000,0
29.06125000000,69.32556000000,0
9.88954000000,59.78120000000,0
29.09583000000,69.18671000000,0
23.12003000000,78.05894000000,0
14.58239000000,67.29052000000,0
8.68416000000,62.99745000000,0
7.25198000000,60.88186000000,0
16.56027000000,76.57944000000,0
8.68208000000,59.85465000000,0
8.64931000000,59.85461000000,0
30.04014000000,69.45371000000,0
8.79756000000,59.92660000000,0
24.91089000000,70.18327000000,0
8.70336000000,58.39636000000,0
20.47860000000,80.62877000000,0
12.03844000000,61.21691000000,0
8.90769000000,58.47772000000,0
8.70896000000,58.50118000000,0
8.58799000000,62.98968000000,0
5.36400000000,60.22965000000,0
24.09862000000,70.26857000000,0
14.73967000000,67.38811000000,0
8.88361000000,58.45685000000,0
8.08709000000,61.75714000000,0
20.27021000000,69.71654000000,0
8.07326000000,61.64805000000,0
11.98034000000,61.91083000000,0
10.66840000000,62.22248000000,0
7.85820000000,62.00204000000,0
10.24935000000,62.18389000000,0
29.04568000000,69.08861000000,0
29.04107000000,69.03903000000,0
14.73733000000,66.24762000000,0
8.80141000000,58.49669000000,0
22.80586000000,78.24608000000,0
11.65009000000,59.13953000000,0
12.30701000000,61.31397000000,0
8.66763000000,58.37116000000,0
17.40866000000,69.16934000000,0
17.45410000000,68.44934000000,0
8.81456000000,60.68023000000,0
9.91008000000,59.91074000000,0
28.85730000000,70.15149000000,0
12.02715000000,61.88845000000,0
11.35329000000,62.56952000000,0
11.56131000000,62.33093000000,0
9.41202000000,62.69866000000,0
8.15337000000,61.65849000000,0
8.17784000000,60.49157000000,0
8.21391000000,62.45939000000,0
17.60145000000,68.42322000000,0
25.02352000000,70.05796000000,0
7.35797000000,61.27829000000,0
7.13034000000,60.49144000000,0
15.40624000000,66.67127000000,0
18.49363000000,68.78786000000,0
14.60319000000,67.40183000000,0
16.61694000000,78.70385000000,0
8.45075000000,61.59308000000,0
14.58965000000,67.30084000000,0
24.95584000000,70.05950000000,0
8.74991000000,61.06093000000,0
8.73423000000,60.88447000000,0
10.39160000000,62.19727000000,0
8.72461000000,58.39311000000,0
8.78320000000,61.29598000000,0
8.58042000000,60.28198000000,0
7.71600000000,61.81239000000,0
10.08130000000,62.11783000000,0
8.36122000000,61.90195000000,0
8.67235000000,60.99601000000,0
7.14198000000,60.49404000000,0
8.76457000000,59.97904000000,0
14.63980000000,67.42312000000,0
6.34618000000,58.84165000000,0
26.75669000000,69.95570000000,0
8.00469000000,59.87729000000,0
8.74606000000,60.85782000000,0
14.48464000000,67.32967000000,0
7.84520000000,61.88791000000,0
14.85360000000,67.35226000000,0
8.39365000000,60.58637000000,0
8.66574000000,63.01446000000,0
9.09022000000,60.56533000000,0
17.47054000000,68.44830000000,0
-3.06939000000,51.01894000000,0
-4.82162000000,56.20543000000,0
-3.90421000000,57.21150000000,0
-2.53735000000,54.25931000000,0
-2.84437000000,54.25755000000,0
-4.02810000000,53.34437000000,0
-2.49432000000,50.57310000000,0
1.36754000000,51.24517000000,0
-3.66873000000,51.82133000000,0
-3.15639000000,54.43474000000,0
-2.07643000000,54.08071000000,0
-0.45154000000,52.54236000000,0
-8.50884000000,51.92616000000,0
-3.87402000000,53.25698000000,0
-4.07499000000,51.18529000000,0
-3.00223000000,54.43611000000,0
-4.17365000000,53.25189000000,0
-4.64682000000,51.17375000000,0
-4.36616000000,56.66439000000,0
-2.54813000000,55.06817000000,0
-6.31836000000,52.18492000000,0
-4.16910000000,53.16206000000,0
-2.38806000000,54.70929000000,0
-4.32215000000,55.94617000000,0
-3.39819000000,52.45431000000,0
-9.11958000000,53.09036000000,0
-7.32111000000,53.54300000000,0
-2.53618000000,54.16943000000,0
-7.18064000000,53.00293000000,0
-10.69882000000,52.07612000000,0
-3.52368000000,51.82330000000,0
-3.23354000000,51.82670000000,0
-2.07744000000,54.62001000000,0
-2.38299000000,54.17002000000,0
-8.96431000000,52.82210000000,0
-5.25633000000,51.69811000000,0
-5.26670000000,57.63292000000,0
-0.59896000000,52.54419000000,0
-4.01541000000,53.07485000000,0
-7.17722000000,53.18264000000,0
-6.46143000000,52.27676000000,0
-2.53852000000,54.34919000000,0
-7.45082000000,55.16092000000,0
-8.36346000000,51.92670000000,0
-2.69388000000,54.43828000000,0
-3.00443000000,54.52598000000,0
-4.51128000000,56.39190000000,0
-3.00005000000,54.34625000000,0
-4.26826000000,57.74464000000,0
-9.11035000000,52.73095000000,0
-4.46107000000,50.36823000000,0
-5.01148000000,50.17534000000,0
-2.71111000000,55.42681000000,0
-10.55309000000,52.07937000000,0
-3.15893000000,54.52460000000,0
-3.40086000000,57.03842000000,0
-1.20177000000,51.83046000000,0
-2.07796000000,54.88963000000,0
-3.86621000000,53.07728000000,0
-7.18737000000,52.64349000000,0
-3.07146000000,51.10885000000,0
-1.34819000000,51.74144000000,0
-1.20336000000,51.74055000000,0
-7.33099000000,52.91401000000,0
-9.12192000000,53.18020000000,0
-7.61546000000,54.35298000000,0
-5.03432000000,50.53461000000,0
-3.37862000000,51.82509000000,0
-9.26882000000,53.08886000000,0
-9.41510000000,52.99734000000,0
-3.14886000000,54.16514000000,0
-3.82515000000,55.59502000000,0
-4.05969000000,57.02931000000,0
-3.34003000000,55.33166000000,0
-7.60772000000,55.16153000000,0
-1.92307000000,54.35037000000,0
-7.76410000000,55.25176000000,0
-9.43302000000,53.53634000000,0
-2.38550000000,54.43966000000,0
-6.60225000000,52.45828000000,0
-6.82329000000,55.15648000000,0
-3.16405000000,54.70432000000,0
-5.65180000000,56.45345000000,0
-3.48091000000,54.88063000000,0
-3.78895000000,51.19002000000,0
0.83968000000,51.97876000000,0
-6.45831000000,52.36660000000,0
-8.50682000000,51.74640000000,0
-8.84410000000,54.26080000000,0
-9.41217000000,52.90750000000,0
-8.96831000000,53.00181000000,0
-8.22873000000,53.99399000000,0
-3.16148000000,54.61446000000,0
-3.81376000000,51.81918000000,0
-7.18903000000,52.55363000000,0
-4.96892000000,58.08968000000,0
-2.54327000000,54.70869000000,0
-2.38892000000,54.79916000000,0
-4.49369000000,56.12259000000,0
-4.33297000000,56.12573000000,0
-1.92323000000,54.26048000000,0
-10.26613000000,52.17514000000,0
-2.84993000000,54.52717000000,0
-2.23232000000,54.61981000000,0
-2.54207000000,54.61882000000,0
-8.38122000000,53.99360000000,0
-2.65704000000,52.10109000000,0
-3.62232000000,54.51927000000,0
-3.65558000000,51.46179000000,0
-9.11726000000,53.00051000000,0
-9.27147000000,53.17870000000,0
-3.57102000000,53.17145000000,0
-2.63676000000,50.66235000000,0
-6.30466000000,52.54427000000,0
-8.07328000000,52.28676000000,0
-3.58089000000,57.39569000000,0
-4.52917000000,56.66118000000,0
-7.92472000000,53.45505000000,0
-7.92137000000,55.25196000000,0
-9.26619000000,52.99902000000,0
-1.92239000000,54.70988000000,0
-4.62289000000,53.24285000000,0
-3.65895000000,55.41763000000,0
-4.01962000000,53.16469000000,0
-6.88736000000,52.82081000000,0
-3.56939000000,57.12627000000,0
-4.66683000000,56.29876000000,0
0.62644000000,50.81440000000,0
-3.15387000000,54.34487000000,0
-2.84806000000,54.43730000000,0
-5.02857000000,50.44479000000,0
-5.11184000000,51.70203000000,0
-0.74895000000,52.45596000000,0
-3.65234000000,51.37190000000,0
-6.89192000000,52.64110000000,0
-3.39414000000,56.85878000000,0
-3.24598000000,52.27618000000,0
-2.38635000000,54.52953000000,0
-7.77028000000,54.17368000000,0
-1.92273000000,54.53013000000,0
1.26930000000,51.87766000000,0
-9.44839000000,53.98548000000,0
-7.63211000000,52.46596000000,0
-10.12432000000,52.26767000000,0
-2.23598000000,55.24891000000,0
-4.21798000000,51.18267000000,0
-3.85848000000,52.89757000000,0
-7.48705000000,52.28567000000,0
-3.38414000000,52.00487000000,0
-4.45775000000,52.97660000000,0
-4.97321000000,51.79557000000,0
-4.49421000000,50.99720000000,0
-5.58445000000,55.73603000000,0
-7.45570000000,54.80159000000,0
-3.87796000000,53.34683000000,0
-2.22930000000,54.08052000000,0
-4.32938000000,50.55085000000,0
-2.99787000000,54.25638000000,0
-3.80866000000,55.23574000000,0
-8.23590000000,55.25176000000,0
-7.92154000000,55.16213000000,0
-9.44219000000,53.80583000000,0
-7.47530000000,53.27419000000,0
-2.23284000000,54.70968000000,0
-4.60155000000,50.36517000000,0
-3.31630000000,54.61288000000,0
-3.30282000000,58.92610000000,0
-3.25360000000,52.54585000000,0
-2.38382000000,54.25990000000,0
-1.06409000000,51.46974000000,0
-6.59074000000,52.81766000000,0
-3.55803000000,52.81198000000,0
-2.38216000000,54.08013000000,0
-2.07761000000,54.70988000000,0
1.33622000000,52.77529000000,0
-5.00024000000,49.99569000000,0
-8.51295000000,52.28567000000,0
-9.58045000000,53.44462000000,0
-6.59364000000,52.72781000000,0
-2.07660000000,54.17060000000,0
-4.49952000000,56.21236000000,0
-5.04472000000,54.94140000000,0
-3.57704000000,57.30588000000,0
-4.82824000000,56.29517000000,0
-3.64775000000,55.14814000000,0
1.46993000000,52.59154000000,0
-2.86325000000,55.15622000000,0
-3.87011000000,53.16713000000,0
-4.97640000000,58.17938000000,0
-3.71342000000,52.98966000000,0
-2.22980000000,54.17040000000,0
1.32937000000,52.68553000000,0
-4.16009000000,52.98239000000,0
-0.87301000000,53.35629000000,0
1.18165000000,52.68959000000,0
-3.30483000000,54.25345000000,0
-7.63361000000,52.28621000000,0
-2.23335000000,54.79956000000,0
-2.78123000000,50.84135000000,0
-2.24033000000,55.96781000000,0
-4.35182000000,51.00016000000,0
-5.01715000000,50.26516000000,0
-5.43389000000,57.62848000000,0
0.75530000000,52.97007000000,0
-7.18570000000,52.73336000000,0
-7.77745000000,52.82581000000,0
-4.67310000000,56.38851000000,0
-4.89338000000,50.53820000000,0
-4.62141000000,50.72455000000,0
-0.45469000000,52.45248000000,0
1.58800000000,52.22820000000,0
-6.25303000000,49.95648000000,0
-2.65837000000,52.19100000000,0
-8.07480000000,53.18546000000,0
-9.26356000000,52.90917000000,0
-3.81686000000,55.41538000000,0
-4.31857000000,53.15924000000,0
-2.23868000000,55.69824000000,0
-2.70315000000,54.97750000000,0
-6.59939000000,52.54812000000,0
-3.58867000000,57.57529000000,0
-8.84227000000,54.17096000000,0
-2.07693000000,54.35037000000,0
-6.89644000000,52.46139000000,0
-4.12778000000,55.32048000000,0
-4.19249000000,50.64346000000,0
-4.74201000000,50.36194000000,0
-6.98244000000,55.06807000000,0
-2.39241000000,55.15864000000,0
-6.29419000000,52.81376000000,0
-3.01562000000,54.97529000000,0
-10.27071000000,52.26495000000,0
-4.74394000000,52.79047000000,0
-4.32830000000,53.33889000000,0
-10.12004000000,52.17786000000,0
1.48420000000,52.77103000000,0
0.98510000000,51.97516000000,0
-8.21808000000,51.92706000000,0
-9.71645000000,53.08324000000,0
-2.85180000000,54.61703000000,0
-2.64043000000,50.93214000000,0
-4.48940000000,50.90735000000,0
-3.11529000000,52.90687000000,0
-4.16458000000,53.07222000000,0
-2.74352000000,57.13389000000,0
-7.62677000000,53.09504000000,0
-6.07045000000,55.81081000000,0
-1.76970000000,54.26029000000,0
-8.81097000000,52.55363000000,0
-4.01122000000,52.98500000000,0
0.90404000000,52.96653000000,0
-2.07727000000,54.53013000000,0
-8.79640000000,51.74480000000,0
-2.07778000000,54.79976000000,0
-4.21368000000,51.09280000000,0
-3.08845000000,51.82813000000,0
-3.72418000000,53.25924000000,0
-2.41010000000,56.86589000000,0
-3.22382000000,51.46709000000,0
-4.60648000000,50.45502000000,0
-0.74640000000,52.54585000000,0
-7.76195000000,55.61108000000,0
-4.66059000000,56.20900000000,0
-3.50871000000,51.37384000000,0
-3.09943000000,52.27763000000,0
-2.08030000000,56.05788000000,0
-5.00585000000,50.08551000000,0
-2.07848000000,55.15925000000,0
-3.22142000000,51.37718000000,0
1.76458000000,52.58253000000,0
-7.31967000000,53.63285000000,0
-7.31676000000,53.81255000000,0
-2.38978000000,54.88903000000,0
-7.92642000000,52.46651000000,0
-3.76015000000,57.66287000000,0
-3.07355000000,51.19877000000,0
-2.69237000000,54.34840000000,0
-7.03169000000,53.00181000000,0
-7.76516000000,55.07210000000,0
-9.42999000000,53.44651000000,0
-6.73904000000,52.81932000000,0
-3.31341000000,54.52302000000,0
-2.08262000000,57.13606000000,0
10.80000000000,44.70000000000,0
-8.50000000000,40.20000000000,0
7.25000000000,50.65003000000,0
16.70000000000,50.80000000000,0
14.92842000000,51.15154000000,0
14.94307000000,51.25066000000,0
12.25000000000,51.65003000000,0
9.75000000000,51.75003000000,0
8.91667000000,49.25003000000,0
8.91667000000,49.15003000000,0
6.10000000000,43.00000000000,0
6.30777000000,52.50661000000,0
6.30870000000,52.55154000000,0
6.58646000000,51.91986000000,0
5.20457000000,52.15054000000,0
5.20438000000,52.19548000000,0
6.36943000000,51.96681000000,0
6.22985000000,52.28249000000,0
4.68470000000,52.68785000000,0
3.97840000000,51.64785000000,0
3.47670000000,51.55082000000,0
5.27795000000,52.01581000000,0
5.49668000000,52.10569000000,0
5.13304000000,51.88076000000,0
5.56875000000,51.88089000000,0
5.20602000000,51.79101000000,0
5.99003000000,50.80082000000,0
4.90604000000,52.73389000000,0
4.98173000000,52.55443000000,0
5.56947000000,52.06066000000,0
5.35118000000,51.52149000000,0
4.55958000000,51.47362000000,0
5.13456000000,51.61111000000,0
6.15970000000,52.46273000000,0
5.56966000000,52.10560000000,0
5.13177000000,52.10546000000,0
6.15580000000,52.23806000000,0
5.42366000000,52.06079000000,0
6.51946000000,52.14524000000,0
5.64341000000,52.24028000000,0
5.92014000000,50.89106000000,0
6.24285000000,52.95646000000,0
6.37338000000,52.14655000000,0
4.69598000000,51.96889000000,0
4.83202000000,52.73357000000,0
4.90800000000,52.55415000000,0
5.92751000000,51.52025000000,0
6.31820000000,53.00083000000,0
5.78941000000,52.19493000000,0
6.37537000000,52.23642000000,0
4.90653000000,52.68896000000,0
6.17251000000,53.18160000000,0
5.63835000000,51.34145000000,0
6.76073000000,52.86175000000,0
5.71333000000,51.79070000000,0
5.57400000000,53.13910000000,0
6.83644000000,52.90579000000,0
6.31629000000,52.91098000000,0
5.78187000000,51.34105000000,0
6.51267000000,51.87564000000,0
6.38854000000,52.82052000000,0
6.22815000000,52.19262000000,0
5.64060000000,51.74593000000,0
5.64630000000,52.73458000000,0
3.62951000000,51.32846000000,0
6.08472000000,52.37332000000,0
4.98861000000,51.79047000000,0
3.98397000000,51.46812000000,0
6.29851000000,52.05727000000,0
5.27892000000,51.61133000000,0
6.44429000000,52.05605000000,0
6.67854000000,52.59303000000,0
5.64315000000,52.19534000000,0
6.09188000000,52.82264000000,0
5.27806000000,51.97087000000,0
4.76625000000,52.14904000000,0
4.98500000000,52.19493000000,0
6.38649000000,52.73066000000,0
6.61607000000,52.99814000000,0
5.86495000000,52.41935000000,0
7.03561000000,52.27400000000,0
5.93900000000,52.46396000000,0
6.09920000000,53.27192000000,0
5.20710000000,51.52136000000,0
4.83653000000,52.37409000000,0
5.78699000000,51.92530000000,0
6.51605000000,52.01044000000,0
5.35086000000,51.92597000000,0
6.46938000000,53.08942000000,0
6.17332000000,53.22653000000,0
6.08402000000,52.32838000000,0
6.69052000000,52.99735000000,0
6.97685000000,52.67930000000,0
3.97700000000,51.69278000000,0
4.84095000000,52.01459000000,0
6.07090000000,51.47455000000,0
3.98673000000,51.37825000000,0
3.41440000000,51.32501000000,0
5.92965000000,51.70001000000,0
5.35125000000,51.43160000000,0
6.68384000000,52.77274000000,0
6.89218000000,52.36580000000,0
5.91911000000,50.80117000000,0
5.99061000000,50.84576000000,0
4.40694000000,51.87695000000,0
6.58886000000,52.00972000000,0
6.16049000000,52.50766000000,0
5.71171000000,51.56599000000,0
-8.37401000000,53.18490000000,0
-6.61072000000,52.18873000000,0
-9.76458000000,54.25084000000,0
-9.11494000000,52.91066000000,0
-2.07813000000,54.97951000000,0
0.83401000000,51.88895000000,0
-4.02385000000,53.25453000000,0
1.47705000000,52.68129000000,0
11.25000000000,51.35003000000,0
7.80877000000,48.54922000000,0
8.75000000000,49.45002000000,0
9.41667000000,48.75003000000,0
17.40000000000,54.70000000000,0
7.25000000000,50.75003000000,0
14.91667000000,50.95003000000,0
7.75000000000,53.75003000000,0
11.41667000000,48.45003000000,0
11.41667000000,48.55003000000,0
9.58333000000,51.75003000000,0
9.58333000000,51.85003000000,0
12.40000000000,50.10000000000,0
8.75000000000,49.95003000000,0
10.41667000000,48.15002000000,0
10.41667000000,48.35002000000,0
10.41667000000,48.05002000000,0
10.80000000000,60.40000000000,0
2.10000000000,47.90000000000,0
2.40000000000,47.80000000000,0
13.25000000000,53.35003000000,0
6.23863000000,51.55339000000,0
11.58333000000,51.85003000000,0
6.41667000000,50.95003000000,0
10.58333000000,52.15003000000,0
10.41667000000,51.95003000000,0
6.41666000000,50.85003000000,0
6.25000000000,50.95003000000,0
12.58333000000,51.55003000000,0
12.75000000000,51.55003000000,0
9.75000000000,49.85003000000,0
9.75000000000,49.95003000000,0
6.98503000000,52.90390000000,0
6.91074000000,52.90487000000,0
5.71964000000,52.64453000000,0
4.90703000000,52.64402000000,0
5.35045000000,52.42030000000,0
5.64844000000,53.09403000000,0
6.17414000000,53.27145000000,0
4.33434000000,51.87632000000,0
5.56677000000,51.38653000000,0
6.09846000000,53.22699000000,0
6.60851000000,52.72859000000,0
5.94641000000,53.04808000000,0
5.64136000000,51.88076000000,0
4.83930000000,52.14941000000,0
4.69459000000,52.05876000000,0
4.91235000000,52.14972000000,0
5.49917000000,53.09426000000,0
6.99164000000,53.08356000000,0
7.20975000000,52.94562000000,0
6.91546000000,53.03962000000,0
6.10143000000,53.40669000000,0
5.78500000000,51.70059000000,0
5.93128000000,51.83483000000,0
5.77689000000,50.75679000000,0
4.91473000000,51.92503000000,0
5.64871000000,53.13896000000,0
4.84636000000,51.56519000000,0
5.35071000000,52.10573000000,0
5.49548000000,51.61133000000,0
5.49537000000,51.56639000000,0
3.48610000000,51.32621000000,0
6.53804000000,52.86411000000,0
6.02228000000,53.13756000000,0
5.94931000000,53.27271000000,0
4.69529000000,52.01383000000,0
4.76687000000,52.10411000000,0
6.90917000000,52.85995000000,0
7.06104000000,52.94780000000,0
5.63786000000,51.25156000000,0
5.84819000000,50.80148000000,0
6.24818000000,53.22601000000,0
5.86837000000,52.73389000000,0
3.54876000000,51.55198000000,0
6.53923000000,52.90903000000,0
5.94757000000,53.13793000000,0
4.70147000000,51.60937000000,0
23.24056000000,69.02070000000,0
18.60078000000,69.13293000000,0
23.05096000000,70.83559000000,0
23.70938000000,70.87746000000,0
19.65900000000,69.65681000000,0
11.24158000000,60.39873000000,0
23.23882000000,70.77392000000,0
20.69029000000,69.91720000000,0
23.50090000000,69.81099000000,0
24.24329000000,70.88377000000,0
16.51603000000,69.08466000000,0
11.20213000000,61.69763000000,0
9.64280000000,60.10178000000,0
5.86723000000,59.56269000000,0
5.61813000000,59.87569000000,0
5.97958000000,60.21865000000,0
10.80638000000,62.14264000000,0
5.53829000000,60.21013000000,0
9.63836000000,60.08423000000,0
9.83236000000,61.58764000000,0
23.30209000000,69.02809000000,0
11.35556000000,64.11427000000,0
23.51815000000,69.80282000000,0
8.23842000000,62.45489000000,0
11.95091000000,61.91979000000,0
11.36527000000,62.58644000000,0
5.93698000000,59.73376000000,0
10.88565000000,60.47230000000,0
4.88011000000,59.30447000000,0
28.99001000000,69.16475000000,0
8.95602000000,59.21837000000,0
7.37441000000,61.27171000000,0
9.81945000000,61.58675000000,0
20.67047000000,69.92157000000,0
21.23164000000,69.53823000000,0
9.20559000000,59.56605000000,0
17.81036000000,68.75178000000,0
21.28907000000,69.63467000000,0
9.09506000000,59.46902000000,0
21.09041000000,69.37104000000,0
9.87525000000,59.91285000000,0
6.21293000000,59.82754000000,0
10.14592000000,62.11404000000,0
10.60988000000,62.11051000000,0
7.34438000000,61.28581000000,0
7.33296000000,61.28757000000,0
11.59216000000,60.90306000000,0
11.44813000000,63.79594000000,0
18.65090000000,69.03747000000,0
16.39083000000,69.04051000000,0
29.05608000000,69.16615000000,0
10.10439000000,62.12340000000,0
15.17124000000,69.06609000000,0
16.52173000000,69.07050000000,0
10.64426000000,62.09583000000,0
8.34558000000,62.87724000000,0
30.11486000000,70.07756000000,0
5.54333000000,59.89260000000,0
20.27471000000,69.37254000000,0
7.06684000000,62.31068000000,0
25.31813000000,70.18536000000,0
1.13048000000,51.97139000000,0
-0.44836000000,52.63223000000,0
-6.45031000000,56.33739000000,0
8.08333000000,50.05003000000,0
6.75000000000,49.25003000000,0
7.08333000000,50.65003000000,0
9.91667000000,51.45003000000,0
6.58333000000,51.45003000000,0
16.90000000000,48.00000000000,0
7.75000000000,48.45003000000,0
14.25000000000,51.65003000000,0
8.75000000000,50.15003000000,0
6.23241000000,52.41729000000,0
6.76214000000,52.90667000000,0
5.35129000000,51.38666000000,0
5.64187000000,51.97064000000,0
5.20420000000,52.24042000000,0
6.30219000000,52.23701000000,0
6.66810000000,52.23361000000,0
6.51832000000,52.10031000000,0
6.98174000000,52.81406000000,0
5.49951000000,53.22905000000,0
5.85593000000,51.56550000000,0
3.91638000000,51.33244000000,0
6.29486000000,51.87753000000,0
5.49602000000,51.83604000000,0
5.77727000000,50.80174000000,0
5.84864000000,50.84642000000,0
4.05327000000,51.55883000000,0
5.49940000000,53.18412000000,0
4.91187000000,52.19466000000,0
6.68918000000,52.95243000000,0
4.83985000000,52.10447000000,0
5.71139000000,51.52105000000,0
6.09625000000,53.09221000000,0
6.59859000000,52.36917000000,0
5.78739000000,51.97024000000,0
6.02162000000,53.09263000000,0
5.27903000000,51.56639000000,0
6.32013000000,53.09068000000,0
5.42464000000,53.22909000000,0
7.03728000000,52.31892000000,0
6.00382000000,51.83447000000,0
4.68326000000,52.77772000000,0
4.75606000000,52.86799000000,0
4.75735000000,52.77813000000,0
5.79772000000,53.09361000000,0
4.63079000000,51.51905000000,0
4.62703000000,51.74374000000,0
5.85547000000,51.52056000000,0
4.62779000000,51.69881000000,0
6.09772000000,53.18207000000,0
6.98832000000,52.99373000000,0
6.39060000000,52.91037000000,0
5.71628000000,52.19516000000,0
6.83793000000,52.95071000000,0
6.68650000000,52.86258000000,0
6.24908000000,53.27093000000,0
4.90456000000,52.86868000000,0
6.51379000000,51.92057000000,0
5.13555000000,51.43134000000,0
6.68118000000,52.68289000000,0
6.60976000000,52.77352000000,0
5.92697000000,51.47530000000,0
6.15736000000,52.32793000000,0
6.96237000000,52.27500000000,0
5.56856000000,51.83595000000,0
5.20727000000,51.47641000000,0
5.56624000000,51.25170000000,0
6.90294000000,52.68027000000,0
6.29942000000,52.10221000000,0
4.41566000000,51.47251000000,0
5.13430000000,51.65605000000,0
5.85733000000,51.70032000000,0
6.76356000000,52.95159000000,0
6.22899000000,52.23756000000,0
6.22477000000,52.01288000000,0
6.37239000000,52.10162000000,0
3.76496000000,51.55518000000,0
6.02559000000,53.36219000000,0
5.79857000000,53.18347000000,0
5.70604000000,50.75701000000,0
5.78148000000,51.29611000000,0
6.61734000000,53.04306000000,0
4.83031000000,52.86836000000,0
4.68398000000,52.73278000000,0
5.13202000000,52.06052000000,0
6.88762000000,52.23102000000,0
11.69577000000,60.85764000000,0
