POINT_X,POINT_Y,mm_pres
12.38533000000,66.05839000000,1
10.76662000000,59.88771000000,1
18.11472000000,69.77316000000,1
23.70938000000,70.87746000000,1
19.41959000000,69.63126000000,1
28.87058000000,70.83487000000,1
23.51813000000,69.80282000000,1
16.92688000000,69.37952000000,1
10.39731000000,59.06621000000,1
6.61861000000,58.08825000000,1
9.83171000000,61.58662000000,1
10.43528000000,59.06389000000,1
10.45250000000,59.06994000000,1
7.08333000000,50.65003000000,1
5.40000000000,50.00000000000,1
9.58333000000,51.95003000000,1
6.75000000000,51.15003000000,1
15.60000000000,50.90000000000,1
7.25000000000,53.75003000000,1
13.41667000000,51.35003000000,1
10.25000000000,52.15003000000,1
9.75000000000,51.75003000000,1
-1.47292000000,53.45034000000,1
-8.98897000000,53.90028000000,1
-2.52708000000,53.45034000000,1
19.77655000000,80.35046000000,1
7.43393000000,58.01487000000,1
6.75644000000,58.06665000000,1
10.64426000000,62.09583000000,1
9.72103000000,62.18185000000,1
10.60988000000,62.11051000000,1
13.47850000000,55.70760000000,1
13.27820000000,55.71940000000,1
12.97400000000,61.74440000000,1
8.58333000000,49.15003000000,1
8.08333000000,50.05003000000,1
7.25000000000,50.75003000000,1
7.75000000000,53.75003000000,1
6.58333000000,51.45003000000,1
11.41667000000,48.45003000000,1
9.58333000000,51.85003000000,1
9.58333000000,51.75003000000,1
10.70000000000,59.60000000000,1
10.80000000000,60.40000000000,1
8.08333000000,48.85002000000,1
13.25000000000,53.35003000000,1
13.91667000000,52.85003000000,1
14.25000000000,51.65003000000,1
11.58333000000,51.85003000000,1
8.75000000000,50.15003000000,1
6.41667000000,50.95003000000,1
12.58333000000,51.55003000000,1
14.40860000000,56.13940000000,1
12.81340000000,55.38150000000,1
10.74152000000,59.89505000000,1
10.70555000000,59.88787000000,1
16.51603000000,69.08466000000,1
6.79191000000,58.06553000000,1
19.40121000000,68.82621000000,1
19.11523000000,69.59536000000,1
19.26783000000,69.54610000000,1
6.80186000000,62.81680000000,1
30.73480000000,70.42694000000,1
7.18711000000,58.13695000000,1
30.11486000000,70.07756000000,1
30.55135000000,70.24127000000,1
10.05156000000,59.19608000000,1
10.46824000000,59.08354000000,1
6.21293000000,59.82754000000,1
9.61263000000,58.88605000000,1
28.99001000000,69.16475000000,1
5.50203000000,58.74721000000,1
7.44494000000,58.01914000000,1
5.85547000000,51.52056000000,1
4.84636000000,51.56519000000,1
5.27903000000,51.56639000000,1
4.63079000000,51.51905000000,1
5.77765000000,50.84668000000,1
6.31629000000,52.91098000000,1
0.64169000000,51.08391000000,1
-0.30759000000,52.45046000000,1
12.81280000000,55.38060000000,1
15.49240000000,56.74770000000,1
12.68400000000,56.70800000000,1
18.41812000000,69.82916000000,1
10.82016000000,59.85219000000,1
5.56086000000,58.84021000000,1
10.05473000000,59.03592000000,1
10.70833000000,59.88753000000,1
10.32635000000,63.02002000000,1
10.22172000000,63.34735000000,1
9.87863000000,58.97494000000,1
30.51718000000,70.24216000000,1
10.40531000000,59.10488000000,1
8.73559000000,61.76273000000,1
10.40869000000,59.10246000000,1
10.47164000000,59.08162000000,1
18.54309000000,80.01209000000,1
6.78684000000,58.06398000000,1
9.16873000000,62.03661000000,1
9.41667000000,51.75003000000,1
34.40000000000,61.70000000000,1
7.08333000000,51.05003000000,1
16.20000000000,48.20000000000,1
7.08333000000,51.25003000000,1
11.75000000000,48.45002000000,1
8.41667000000,49.05002000000,1
11.25000000000,51.05003000000,1
10.04654000000,59.73328000000,1
12.51406000000,66.12478000000,1
9.98942000000,59.30166000000,1
24.71174000000,71.11158000000,1
15.97277000000,69.27911000000,1
20.67046000000,69.92157000000,1
18.87995000000,69.01903000000,1
30.73387000000,70.42697000000,1
30.82954000000,69.77842000000,1
6.78490000000,58.06015000000,1
10.46322000000,59.08408000000,1
11.44814000000,63.79593000000,1
9.51162000000,58.86208000000,1
5.05454000000,61.95422000000,1
14.18780000000,55.38120000000,1
8.75000000000,49.45002000000,1
17.40000000000,54.70000000000,1
11.41667000000,48.55003000000,1
8.75000000000,49.95003000000,1
10.41667000000,48.35002000000,1
8.58333000000,49.35002000000,1
8.41667000000,49.15003000000,1
12.75000000000,51.55003000000,1
6.37239000000,52.10162000000,1
5.64187000000,51.97064000000,1
5.35071000000,52.10573000000,1
6.23241000000,52.41729000000,1
5.78739000000,51.97024000000,1
5.92697000000,51.47530000000,1
6.17414000000,53.27145000000,1
6.98174000000,52.81406000000,1
4.75606000000,52.86799000000,1
5.84864000000,50.84642000000,1
6.45071000000,52.32565000000,1
5.78941000000,52.19493000000,1
6.09846000000,53.22699000000,1
14.26657000000,53.05338000000,1
2.00000000000,42.30000000000,1
0.10000000000,42.80000000000,1
34.00000000000,67.50000000000,1
40.70000000000,64.10000000000,1
14.91667000000,50.95003000000,1
22.00000000000,48.50000000000,1
11.91667000000,48.95002000000,1
8.91667000000,49.15003000000,1
11.23882000000,60.39871000000,1
10.73972000000,59.89009000000,1
10.73389000000,59.88856000000,1
19.67646000000,68.95008000000,1
18.82932000000,69.60768000000,1
24.24329000000,70.88377000000,1
28.44656000000,70.51193000000,1
25.31813000000,70.18536000000,1
20.27471000000,69.37254000000,1
9.96905000000,58.98272000000,1
5.51496000000,58.73586000000,1
4.90004000000,61.84374000000,1
6.78308000000,58.06465000000,1
5.93698000000,59.73050000000,1
9.60475000000,58.87936000000,1
10.46156000000,59.07554000000,1
11.00798000000,59.03213000000,1
7.44879000000,58.02030000000,1
9.01387000000,61.87348000000,1
6.68625000000,58.06921000000,1
-0.05665000000,51.45737000000,1
10.45012000000,59.09407000000,1
10.71515000000,59.87983000000,1
23.30208000000,69.02810000000,1
23.50089000000,69.81099000000,1
9.64315000000,58.89721000000,1
10.39253000000,59.06922000000,1
6.83314000000,58.10021000000,1
9.20559000000,59.56604000000,1
10.39379000000,59.07101000000,1
6.83546000000,62.83620000000,1
9.91667000000,51.45003000000,1
2.10000000000,47.90000000000,1
10.58333000000,52.15003000000,1
8.41667000000,48.95002000000,1
6.41666000000,50.85003000000,1
6.60851000000,52.72859000000,1
5.63786000000,51.25156000000,1
5.85593000000,51.56550000000,1
4.90456000000,52.86868000000,1
5.13202000000,52.06052000000,1
5.64871000000,53.13896000000,1
5.71139000000,51.52105000000,1
6.51832000000,52.10031000000,1
6.91074000000,52.90487000000,1
6.02559000000,53.36219000000,1
5.91963000000,50.84611000000,1
5.78900000000,52.14999000000,1
14.27890000000,55.47140000000,1
13.20320000000,55.70480000000,1
11.92730000000,57.50760000000,1
14.40550000000,56.14120000000,1
14.40260000000,56.13960000000,1
10.80336000000,62.14096000000,1
5.75323000000,58.84232000000,1
9.97368000000,58.98469000000,1
21.23164000000,69.53823000000,1
11.19902000000,61.69763000000,1
8.95602000000,59.21680000000,1
11.43535000000,59.11560000000,1
5.56021000000,58.86120000000,1
15.42340000000,59.18640000000,1
12.51370000000,56.26220000000,1
4.00000000000,47.20000000000,1
9.75000000000,48.05002000000,1
14.33590000000,55.57340000000,1
10.41667000000,48.15002000000,1
10.41667000000,48.05002000000,1
9.60828000000,58.88149000000,1
18.99305000000,69.62927000000,1
24.74527000000,71.10850000000,1
16.39083000000,69.04040000000,1
10.40123000000,59.07207000000,1
10.44770000000,59.09312000000,1
8.07974000000,58.19089000000,1
7.94445000000,58.15583000000,1
10.49924000000,59.29141000000,1
7.06710000000,62.73311000000,1
8.23842000000,62.45489000000,1
5.61816000000,59.87569000000,1
9.81945000000,61.58675000000,1
6.17332000000,53.22653000000,1
6.10143000000,53.40669000000,1
5.78500000000,51.70059000000,1
6.47728000000,53.40387000000,1
4.33434000000,51.87632000000,1
6.15736000000,52.32793000000,1
7.34438000000,61.28547000000,1
5.53732000000,60.20903000000,1
10.14569000000,62.11348000000,1
7.03506000000,58.13498000000,1
18.47839000000,69.42461000000,1
21.09041000000,69.37104000000,1
5.97958000000,60.21865000000,1
9.60341000000,58.87848000000,1
6.70076000000,58.06718000000,1
5.50875000000,58.74428000000,1
7.44057000000,58.01602000000,1
9.41667000000,48.75003000000,1
7.75000000000,48.45003000000,1
6.23863000000,51.55339000000,1
25.00000000000,57.80000000000,1
56.90000000000,61.80000000000,1
8.75000000000,49.05003000000,1
12.44920000000,56.29590000000,1
16.37920000000,56.42490000000,1
19.73130000000,63.50450000000,1
16.57670000000,56.79920000000,1
12.58063000000,66.20151000000,1
9.64281000000,60.10178000000,1
30.51237000000,70.24290000000,1
-0.24249000000,54.06790000000,1
6.61989000000,53.13290000000,1
5.79857000000,53.18347000000,1
4.75735000000,52.77813000000,1
14.47260000000,63.22690000000,1
6.25000000000,50.95003000000,1
5.77905000000,58.52464000000,1
6.77904000000,58.06776000000,1
5.59261000000,59.02033000000,1
9.24649000000,62.00644000000,1
5.79616000000,58.51185000000,1
10.24870000000,63.34146000000,1
7.15387000000,62.98346000000,1
24.71103000000,71.10754000000,1
19.65900000000,69.65681000000,1
10.40662000000,63.01707000000,1
10.39823000000,59.06250000000,1
17.81036000000,68.75178000000,1
5.76295000000,58.53213000000,1
9.16983000000,62.03686000000,1
5.75548000000,58.53459000000,1
12.51900000000,56.25870000000,1
5.56677000000,51.38653000000,1
6.22477000000,52.01288000000,1
4.05327000000,51.55883000000,1
4.62703000000,51.74374000000,1
6.07294000000,51.60937000000,1
5.13430000000,51.65605000000,1
14.89040000000,59.27930000000,1
6.17251000000,53.18160000000,1
0.09544000000,51.63463000000,1
-0.33127000000,51.82133000000,1
14.08333000000,52.95003000000,1
11.75000000000,51.05003000000,1
13.58333000000,50.95003000000,1
10.08333000000,48.85002000000,1
7.75000000000,48.05002000000,1
18.15717000000,69.63164000000,1
10.34638000000,59.45595000000,1
9.52108000000,58.85854000000,1
9.47526000000,58.85822000000,1
21.31964000000,77.97031000000,1
9.85829000000,58.96383000000,1
11.69577000000,60.85476000000,1
20.80000000000,48.60000000000,1
7.89957000000,54.18346000000,1
9.91667000000,47.85002000000,1
11.55440000000,58.30540000000,1
12.93550000000,55.56740000000,1
14.20270000000,55.70920000000,1
12.82890000000,56.66460000000,1
11.25000000000,51.35003000000,1
6.75000000000,49.25003000000,1
12.47278000000,66.19515000000,1
11.01084000000,59.03273000000,1
18.71912000000,70.07899000000,1
19.29306000000,69.22194000000,1
10.39620000000,59.10810000000,1
9.75054000000,58.98871000000,1
5.76669000000,58.53087000000,1
6.61992000000,58.08736000000,1
9.63837000000,60.08047000000,1
16.78993000000,69.26828000000,1
10.25998000000,63.07647000000,1
30.72719000000,70.42871000000,1
30.57628000000,70.50638000000,1
21.28907000000,69.63466000000,1
10.63503000000,59.89250000000,1
11.04031000000,59.84700000000,1
-3.36167000000,55.96053000000,1
-1.48270000000,52.64126000000,1
6.90917000000,52.85995000000,1
6.98832000000,52.99373000000,1
6.83793000000,52.95071000000,1
6.98503000000,52.90390000000,1
4.90703000000,52.64402000000,1
4.68326000000,52.77772000000,1
5.79772000000,53.09361000000,1
10.57347000000,59.19814000000,1
10.71767000000,59.87949000000,1
10.54039000000,59.88516000000,1
23.23587000000,70.77392000000,1
29.70056000000,70.54791000000,1
10.39664000000,59.06972000000,1
6.60769000000,58.09079000000,1
18.60078000000,69.13293000000,1
5.67378000000,58.80155000000,1
10.40686000000,59.10505000000,1
9.99441000000,59.26443000000,1
48.40000000000,64.60000000000,1
6.09772000000,53.18207000000,1
5.71964000000,52.64453000000,1
4.83985000000,52.10447000000,1
4.70147000000,51.60937000000,1
6.76356000000,52.95159000000,1
14.61430000000,65.09320000000,1
16.61450000000,56.49010000000,1
12.93940000000,56.58180000000,1
12.99890000000,55.73130000000,1
10.71663000000,59.88277000000,1
15.87595000000,69.27368000000,1
11.35556000000,64.11426000000,1
-0.48535000000,51.55363000000,1
-0.06425000000,51.27762000000,1
0.60000000000,42.60000000000,1
43.30000000000,54.70000000000,1
7.80000000000,48.90000000000,1
9.08333000000,48.35003000000,1
10.45082000000,59.06670000000,1
23.24056000000,69.02070000000,1
11.59216000000,60.90114000000,1
5.72751000000,58.53683000000,1
5.70669000000,58.53571000000,1
5.60117000000,58.87646000000,1
11.15130000000,58.84560000000,1
13.55420000000,55.69180000000,1
12.44760000000,56.30180000000,1
14.20060000000,55.70370000000,1
11.15020000000,58.84590000000,1
14.08870000000,55.38480000000,1
12.45160000000,56.30110000000,1
7.80877000000,48.54922000000,1
2.40000000000,47.80000000000,1
9.75000000000,49.95003000000,1
5.77689000000,50.75679000000,1
6.00382000000,51.83447000000,1
4.76687000000,52.10411000000,1
4.62779000000,51.69881000000,1
0.60000000000,42.50000000000,1
37.60000000000,58.50000000000,1
8.75000000000,47.75002000000,1
8.25000000000,48.95003000000,1
10.41667000000,51.95003000000,1
11.55210000000,58.30430000000,1
12.88890000000,56.80030000000,1
12.96790000000,55.72700000000,1
14.26910000000,55.65420000000,1
5.51794000000,58.72882000000,1
9.16927000000,62.03560000000,1
9.12862000000,62.05142000000,1
9.09506000000,59.46902000000,1
13.66070000000,55.70600000000,1
14.27370000000,55.66090000000,1
10.45211000000,59.07635000000,1
10.74036000000,59.89509000000,1
18.03571000000,69.63096000000,1
30.59290000000,70.54161000000,1
5.54335000000,59.89260000000,1
5.20420000000,52.24042000000,1
7.06104000000,52.94780000000,1
5.49548000000,51.61133000000,1
5.85733000000,51.70032000000,1
6.68918000000,52.95243000000,1
6.02162000000,53.09263000000,1
5.20727000000,51.47641000000,1
10.80638000000,62.14264000000,1
5.86723000000,59.56221000000,1
17.24842000000,69.02467000000,1
10.55609000000,59.21150000000,1
11.00919000000,59.03247000000,1
29.40000000000,55.00000000000,1
9.91667000000,49.25003000000,1
14.27480000000,55.66110000000,1
12.83220000000,56.66460000000,1
-6.45031000000,56.33739000000,1
12.45210000000,56.29870000000,1
16.47500000000,58.27950000000,1
14.19700000000,55.38540000000,1
9.60980000000,58.88312000000,1
10.57003000000,59.20296000000,1
10.44798000000,59.45117000000,1
19.00827000000,69.63672000000,1
30.71924000000,70.42139000000,1
16.00350000000,59.76020000000,1
6.90294000000,52.68027000000,1
6.84244000000,53.08547000000,1
6.76214000000,52.90667000000,1
3.76496000000,51.55518000000,1
5.70604000000,50.75701000000,1
5.94641000000,53.04808000000,1
6.22899000000,52.23756000000,1
5.56642000000,51.29664000000,1
11.04280000000,58.87740000000,1
16.13750000000,64.10420000000,1
14.20340000000,55.70530000000,1
16.01950000000,59.60650000000,1
9.75000000000,49.65003000000,1
8.08333000000,48.35002000000,1
-1.01703000000,53.62726000000,1
-0.20053000000,51.45967000000,1
10.67997000000,59.31562000000,1
10.74232000000,59.89018000000,1
10.44054000000,59.45231000000,1
10.22496000000,63.34041000000,1
16.51922000000,69.07050000000,1
10.46085000000,59.36853000000,1
10.24338000000,60.12942000000,1
9.60671000000,58.88039000000,1
29.05608000000,69.16615000000,1
11.01464000000,59.03212000000,1
7.44650000000,58.01937000000,1
6.78538000000,58.05809000000,1
9.69591000000,59.06598000000,1
30.48095000000,70.21877000000,1
10.36257000000,59.50194000000,1
4.41566000000,51.47251000000,1
6.02228000000,53.13756000000,1
6.32013000000,53.09068000000,1
6.61734000000,53.04306000000,1
5.56624000000,51.25170000000,1
9.12662000000,62.05134000000,1
8.98745000000,61.86808000000,1
30.72015000000,70.42136000000,1
9.96929000000,59.25959000000,1
11.35920000000,62.58614000000,1
5.76500000000,58.53105000000,1
11.35731000000,62.58644000000,1
8.07200000000,58.19120000000,1
11.91667000000,50.25003000000,1
11.58333000000,48.65003000000,1
9.75000000000,49.05003000000,1
15.35330000000,59.18290000000,1
17.34570000000,59.88900000000,1
13.06610000000,55.37380000000,1
14.33680000000,55.57470000000,1
-0.20756000000,51.27990000000,1
7.26744000000,62.88755000000,1
7.20975000000,52.94562000000,1
5.71628000000,52.19516000000,1
6.29942000000,52.10221000000,1
6.60976000000,52.77352000000,1
5.13555000000,51.43134000000,1
16.30290000000,64.18260000000,1
14.99750000000,59.85060000000,1
14.23120000000,55.50100000000,1
12.68290000000,56.70820000000,1
12.48320000000,56.29000000000,1
12.98180000000,55.72910000000,1
7.33296000000,61.28757000000,1
24.73584000000,71.09532000000,1
15.16695000000,69.06609000000,1
18.85154000000,69.63812000000,1
18.90115000000,69.01918000000,1
6.27579000000,61.86197000000,1
5.74217000000,58.53705000000,1
10.75891000000,59.68437000000,1
6.78669000000,58.08233000000,1
15.79307000000,78.20801000000,1
9.08234000000,61.87090000000,1
-5.97556000000,56.44349000000,1
-3.20152000000,55.96219000000,1
23.05095000000,70.83559000000,1
10.45198000000,59.07283000000,1
8.44116000000,58.28871000000,1
6.51379000000,51.92057000000,1
6.88762000000,52.23102000000,1
4.91235000000,52.14972000000,1
5.77508000000,58.52738000000,1
9.06030000000,61.86663000000,1
7.37441000000,61.27171000000,1
8.34558000000,62.87724000000,1
14.19500000000,55.38490000000,1
12.92450000000,55.56950000000,1
10.57637000000,59.19663000000,1
19.01272000000,69.71418000000,1
24.78986000000,71.08773000000,1
9.82028000000,58.97511000000,1
-3.62387000000,50.56283000000,1
-1.64488000000,50.84342000000,1
-4.61195000000,55.49088000000,1
14.27590000000,55.66230000000,1
16.90000000000,48.00000000000,1
5.93128000000,51.83483000000,1
5.84819000000,50.80148000000,1
6.09625000000,53.09221000000,1
6.24908000000,53.27093000000,1
6.96237000000,52.27500000000,1
5.56856000000,51.83595000000,1
5.35045000000,52.42030000000,1
6.55123000000,53.35825000000,1
5.70022000000,58.53644000000,1
21.31027000000,77.96607000000,1
11.01235000000,59.03396000000,1
6.78215000000,58.06651000000,1
9.01107000000,61.87287000000,1
10.08333000000,48.15002000000,1
14.09200000000,55.38520000000,1
13.16520000000,55.78180000000,1
13.00070000000,55.72600000000,1
13.33330000000,55.67710000000,1
13.24030000000,56.03260000000,1
12.38180000000,58.77260000000,1
19.07836000000,69.60165000000,1
10.28391000000,63.22379000000,1
7.06685000000,62.31068000000,1
-0.53534000000,54.43139000000,1
-0.44836000000,52.63223000000,1
7.63871000000,49.05793000000,1
6.84849000000,53.26514000000,1
6.99164000000,53.08356000000,1
6.29486000000,51.87753000000,1
4.69459000000,52.05876000000,1
6.38039000000,52.46108000000,1
9.92687000000,58.97858000000,1
11.01344000000,59.03225000000,1
10.09845000000,62.12178000000,1
5.60339000000,58.88278000000,1
14.06640000000,55.38500000000,1
12.35670000000,56.92390000000,1
12.83590000000,55.41800000000,1
-1.60492000000,55.42824000000,1
-0.63493000000,51.37560000000,1
6.78145000000,62.03889000000,1
6.37737000000,52.32629000000,1
3.48610000000,51.32621000000,1
5.78148000000,51.29611000000,1
7.03728000000,52.31892000000,1
5.64136000000,51.88076000000,1
5.49602000000,51.83604000000,1
11.94838000000,61.91897000000,1
16.62550000000,56.62990000000,1
6.78440000000,58.06484000000,1
6.68320000000,58.06971000000,1
5.77405000000,58.52815000000,1
6.78223000000,58.06280000000,1
9.61291000000,58.88771000000,1
5.70397000000,58.53621000000,1
8.75000000000,48.95003000000,1
5.77727000000,50.80174000000,1
4.68398000000,52.73278000000,1
4.83930000000,52.14941000000,1
7.10000000000,48.20000000000,1
9.25000000000,48.75003000000,1
7.91667000000,48.35002000000,1
30.72813000000,70.42869000000,1
10.33737000000,59.30612000000,1
5.56184000000,58.83965000000,1
7.43830000000,58.01502000000,1
12.36060000000,56.92080000000,1
13.16340000000,55.77760000000,1
-0.47328000000,51.91318000000,1
0.71054000000,52.25163000000,1
5.86837000000,52.73389000000,1
6.66810000000,52.23361000000,1
6.24818000000,53.22601000000,1
6.68650000000,52.86258000000,1
5.42464000000,53.22909000000,1
5.49951000000,53.22905000000,1
5.63885000000,51.43134000000,1
10.76859000000,59.88796000000,1
19.59571000000,68.86116000000,1
9.87525000000,59.91285000000,1
6.34298000000,61.85879000000,1
5.54871000000,58.81088000000,1
7.02883000000,58.13989000000,1
6.75495000000,58.06662000000,1
13.50850000000,55.70030000000,1
14.28520000000,53.14963000000,1
62.30000000000,66.70000000000,1
42.00000000000,60.70000000000,1
6.59859000000,52.36917000000,1
4.69529000000,52.01383000000,1
-3.61772000000,50.38302000000,1
-1.92925000000,50.66407000000,1
-5.74596000000,54.78187000000,1
-0.64025000000,51.19579000000,1
14.96719000000,68.95499000000,1
19.26083000000,69.37989000000,1
30.83050000000,69.77840000000,1
9.24497000000,62.00487000000,1
5.73744000000,58.53736000000,1
14.25000000000,52.95003000000,1
12.79140000000,56.64890000000,1
9.75000000000,49.85003000000,1
5.49537000000,51.56639000000,1
3.91638000000,51.33244000000,1
4.91187000000,52.19466000000,1
6.68118000000,52.68289000000,1
5.35129000000,51.38666000000,1
5.64844000000,53.09403000000,1
5.71529000000,52.06034000000,1
18.65090000000,69.03747000000,1
1.13048000000,51.97139000000,1
6.53923000000,52.90903000000,1
6.91546000000,53.03962000000,1
3.54876000000,51.55198000000,1
5.49940000000,53.18412000000,1
5.49917000000,53.09426000000,1
6.78072000000,58.06248000000,1
5.72607000000,58.53710000000,1
10.88565000000,60.47230000000,1
10.10439000000,62.12340000000,1
25.30000000000,54.70000000000,1
12.45060000000,56.30220000000,1
14.20040000000,55.70510000000,1
4.87600000000,59.30304000000,1
2.10000000000,42.30000000000,1
12.40000000000,50.10000000000,1
4.91473000000,51.92503000000,1
6.53804000000,52.86411000000,1
6.30219000000,52.23701000000,1
5.94757000000,53.13793000000,1
12.93640000000,55.57010000000,1
16.52860000000,56.53560000000,1
5.71011000000,51.34127000000,1
11.46820000000,58.11650000000,1
14.05810000000,55.38110000000,1
14.08530000000,55.38510000000,1
14.27600000000,55.65500000000,1
15.01050000000,65.06490000000,1
13.58510000000,58.32660000000,1
20.69029000000,69.91720000000,1
5.76129000000,58.53299000000,1
8.08730000000,58.20812000000,1
13.20000000000,56.50000000000,1
6.39060000000,52.91037000000,1
5.94931000000,53.27271000000,1
4.83031000000,52.86836000000,1
-5.91054000000,54.60510000000,1
8.91667000000,51.75003000000,0
10.08333000000,50.95003000000,0
4.70000000000,43.70000000000,0
11.25000000000,49.85003000000,0
11.41667000000,49.65003000000,0
11.41667000000,49.75003000000,0
11.41667000000,49.55003000000,0
11.25000000000,49.75003000000,0
11.58333000000,49.65003000000,0
11.25000000000,49.55003000000,0
11.58333000000,49.55003000000,0
11.58333000000,49.45003000000,0
11.41667000000,49.85002000000,0
11.25000000000,49.65003000000,0
11.25000000000,50.05003000000,0
11.58333000000,49.75003000000,0
10.41667000000,49.55002000000,0
10.75000000000,48.85002000000,0
13.41667000000,54.05003000000,0
15.00000000000,47.80000000000,0
8.91667000000,54.15003000000,0
8.91667000000,54.05003000000,0
8.75000000000,54.65003000000,0
8.91667000000,54.25003000000,0
8.20000000000,55.50000000000,0
8.75000000000,54.75003000000,0
8.41667000000,54.95003000000,0
8.58333000000,54.95003000000,0
8.41667000000,55.05003000000,0
9.91667000000,54.65003000000,0
10.41667000000,53.85003000000,0
8.58333000000,52.75003000000,0
8.50000000000,57.00000000000,0
12.25000000000,49.35003000000,0
-2.50000000000,55.00000000000,0
8.25000000000,51.15003000000,0
11.08333000000,49.25003000000,0
20.10000000000,49.10000000000,0
16.90000000000,48.70000000000,0
11.91667000000,53.35003000000,0
19.70000000000,64.30000000000,0
12.08333000000,53.35003000000,0
14.25000000000,52.45003000000,0
23.80000000000,35.30000000000,0
23.80000000000,35.20000000000,0
23.90000000000,35.30000000000,0
10.75000000000,53.85003000000,0
11.08333000000,49.55003000000,0
8.08333000000,53.15003000000,0
-2.30000000000,46.70000000000,0
10.25000000000,54.35003000000,0
24.70000000000,59.40000000000,0
24.90000000000,60.10000000000,0
4.90000000000,60.30000000000,0
18.50000000000,57.50000000000,0
9.58333000000,53.75003000000,0
8.75000000000,53.85003000000,0
5.80000000000,61.10000000000,0
10.75000000000,53.95003000000,0
16.30000000000,78.80000000000,0
9.91667000000,53.55003000000,0
8.75000000000,53.05003000000,0
8.75000000000,50.85003000000,0
12.90000000000,59.90000000000,0
11.60000000000,56.80000000000,0
10.08333000000,53.55003000000,0
11.30000000000,54.70000000000,0
1.30000000000,50.10000000000,0
15.60000000000,58.10000000000,0
-6.70000000000,33.50000000000,0
10.08333000000,54.45003000000,0
19.90000000000,60.20000000000,0
24.60000000000,60.40000000000,0
10.00000000000,56.00000000000,0
6.41667000000,49.85003000000,0
8.58333000000,48.45002000000,0
14.60000000000,48.50000000000,0
14.90000000000,48.40000000000,0
13.60000000000,47.30000000000,0
15.20000000000,48.90000000000,0
13.30000000000,48.00000000000,0
2.00000000000,47.40000000000,0
-5.50000000000,42.70000000000,0
10.08333000000,50.65003000000,0
10.25000000000,50.65003000000,0
10.08333000000,50.55003000000,0
11.30000000000,43.30000000000,0
13.60000000000,46.50000000000,0
8.75000000000,53.15003000000,0
8.75000000000,50.65003000000,0
6.00000000000,43.00000000000,0
9.75000000000,52.55003000000,0
4.80000000000,43.70000000000,0
12.08333000000,47.75002000000,0
14.25000000000,51.15003000000,0
8.91667000000,53.15003000000,0
9.70000000000,46.40000000000,0
17.90000000000,40.10000000000,0
9.80000000000,46.50000000000,0
10.00000000000,46.30000000000,0
12.25528000000,79.74444000000,0
16.04055000000,78.89500000000,0
20.13417000000,79.25167000000,0
13.28750000000,79.45556000000,0
15.88639000000,77.01778000000,0
13.61162000000,64.30367000000,0
13.72443000000,64.18814000000,0
12.32366000000,61.30353000000,0
20.76132000000,80.71375000000,0
10.64240000000,60.94958000000,0
10.63079000000,60.95440000000,0
25.92462000000,69.69250000000,0
10.78996000000,64.50634000000,0
10.69184000000,64.46456000000,0
12.04756000000,61.24910000000,0
5.54331000000,61.57532000000,0
12.27791000000,61.34013000000,0
12.02084000000,61.27177000000,0
8.73053000000,61.00520000000,0
22.49485000000,69.27288000000,0
12.35387000000,61.31712000000,0
8.78271000000,61.11592000000,0
8.49786000000,61.16314000000,0
13.38106000000,79.42159000000,0
10.85259000000,64.36555000000,0
4.91995000000,60.49484000000,0
21.80283000000,80.20742000000,0
9.55219000000,60.82644000000,0
8.84361000000,60.86516000000,0
8.81120000000,60.87825000000,0
8.03805000000,59.69118000000,0
13.15967000000,65.54572000000,0
9.31520000000,62.72002000000,0
12.06805000000,59.92037000000,0
15.81022000000,66.74860000000,0
8.04902000000,61.64015000000,0
6.33604000000,58.92235000000,0
7.65554000000,60.29738000000,0
9.30522000000,62.73577000000,0
15.44394000000,66.83713000000,0
15.41153000000,66.82149000000,0
9.27717000000,62.74156000000,0
6.31542000000,58.84297000000,0
22.89347000000,77.29508000000,0
22.83381000000,77.32361000000,0
8.92039000000,61.17491000000,0
16.65161000000,78.67078000000,0
16.65194000000,68.56698000000,0
16.05000000000,79.32194000000,0
13.82674000000,64.14692000000,0
13.62048000000,64.36188000000,0
8.71926000000,61.01626000000,0
23.25484000000,80.33602000000,0
27.84602000000,70.44342000000,0
8.67116000000,59.84750000000,0
4.79411000000,60.66342000000,0
7.71035000000,60.60907000000,0
4.95173000000,60.57792000000,0
15.59018000000,66.74826000000,0
14.29864000000,66.41170000000,0
20.84604000000,77.53872000000,0
8.04225000000,59.70438000000,0
22.88150000000,78.05758000000,0
14.21078000000,78.06214000000,0
18.16389000000,77.50389000000,0
8.57093000000,61.14938000000,0
7.66946000000,60.60780000000,0
7.50542000000,60.55398000000,0
7.68446000000,60.60903000000,0
6.45548000000,60.91152000000,0
7.62132000000,60.62437000000,0
22.84431000000,78.25042000000,0
28.20558000000,71.08203000000,0
14.21667000000,78.04305000000,0
14.20806000000,78.07667000000,0
11.63083000000,79.84388000000,0
9.73190000000,60.63056000000,0
26.22920000000,69.81282000000,0
9.01651000000,58.57155000000,0
8.98252000000,58.56194000000,0
8.74880000000,61.04189000000,0
8.75983000000,61.04712000000,0
8.84242000000,60.98526000000,0
4.98658000000,60.80684000000,0
7.90604000000,60.50853000000,0
5.59470000000,62.40393000000,0
9.03633000000,60.64194000000,0
12.25055000000,59.94483000000,0
8.78863000000,61.12005000000,0
8.74615000000,61.09852000000,0
8.41712000000,59.60923000000,0
7.83874000000,61.51900000000,0
8.52629000000,61.15597000000,0
15.98539000000,67.99749000000,0
7.65952000000,62.43374000000,0
8.65996000000,59.84771000000,0
7.76595000000,61.86140000000,0
8.02540000000,59.76792000000,0
23.12003000000,78.05894000000,0
14.58239000000,67.29052000000,0
16.56027000000,76.57944000000,0
8.68208000000,59.85465000000,0
8.64931000000,59.85461000000,0
30.04014000000,69.45371000000,0
8.79756000000,59.92660000000,0
20.47860000000,80.62877000000,0
8.90769000000,58.47772000000,0
24.09862000000,70.26857000000,0
14.73967000000,67.38811000000,0
8.08709000000,61.75714000000,0
8.07326000000,61.64805000000,0
7.85820000000,62.00204000000,0
14.73733000000,66.24762000000,0
22.80586000000,78.24608000000,0
12.30701000000,61.31397000000,0
4.96389000000,60.57967000000,0
8.81456000000,60.68023000000,0
28.85730000000,70.15149000000,0
9.41202000000,62.69866000000,0
8.15337000000,61.65849000000,0
8.17784000000,60.49157000000,0
7.13034000000,60.49144000000,0
15.40624000000,66.67127000000,0
14.60319000000,67.40183000000,0
16.61694000000,78.70385000000,0
28.10269000000,70.08393000000,0
7.76943000000,62.96522000000,0
14.58965000000,67.30084000000,0
8.74991000000,61.06093000000,0
8.73423000000,60.88447000000,0
8.58042000000,60.28198000000,0
7.71600000000,61.81239000000,0
8.67235000000,60.99601000000,0
7.14198000000,60.49404000000,0
8.76457000000,59.97904000000,0
6.02853000000,62.50975000000,0
14.63980000000,67.42312000000,0
6.34618000000,58.84165000000,0
26.75669000000,69.95570000000,0
8.00469000000,59.87729000000,0
8.74606000000,60.85782000000,0
14.48464000000,67.32967000000,0
7.84520000000,61.88791000000,0
14.85360000000,67.35226000000,0
8.39365000000,60.58637000000,0
9.09022000000,60.56533000000,0
-3.06939000000,51.01894000000,0
-1.92743000000,51.83314000000,0
-4.82162000000,56.20543000000,0
-1.92204000000,54.88963000000,0
-3.90421000000,57.21150000000,0
-2.53735000000,54.25931000000,0
-3.95102000000,51.63712000000,0
-2.65311000000,51.83135000000,0
-2.84437000000,54.25755000000,0
-4.02810000000,53.34437000000,0
-9.67490000000,52.00524000000,0
-5.57070000000,50.15948000000,0
-2.49432000000,50.57310000000,0
-1.63570000000,52.01244000000,0
1.36754000000,51.24517000000,0
-3.66873000000,51.82133000000,0
-3.15639000000,54.43474000000,0
-2.07643000000,54.08071000000,0
-4.27141000000,52.26090000000,0
-8.50884000000,51.92616000000,0
-6.19689000000,56.97585000000,0
-1.76613000000,54.88943000000,0
-8.67461000000,53.27344000000,0
-6.67189000000,58.12849000000,0
-3.87402000000,53.25698000000,0
-4.07499000000,51.18529000000,0
-1.61022000000,54.88903000000,0
-3.00223000000,54.43611000000,0
-4.17365000000,53.25189000000,0
-7.76978000000,54.26353000000,0
-2.79194000000,51.47080000000,0
-2.50398000000,51.47239000000,0
-4.64682000000,51.17375000000,0
-6.38175000000,54.43260000000,0
-6.27997000000,53.17307000000,0
-4.18003000000,50.37384000000,0
-5.96397000000,53.52759000000,0
-2.64292000000,51.11200000000,0
-2.36141000000,51.65277000000,0
-2.93225000000,51.28991000000,0
-1.34689000000,51.83135000000,0
-3.98657000000,52.44589000000,0
-4.36616000000,56.66439000000,0
-4.13362000000,52.44333000000,0
-6.42618000000,53.26496000000,0
-2.54813000000,55.06817000000,0
-3.08413000000,51.64832000000,0
-6.57601000000,53.26685000000,0
-6.31836000000,52.18492000000,0
-6.57302000000,53.35668000000,0
-4.16910000000,53.16206000000,0
-6.36094000000,56.97023000000,0
-2.38806000000,54.70929000000,0
-4.32215000000,55.94617000000,0
-3.99062000000,52.53574000000,0
-3.83950000000,52.44827000000,0
-3.83577000000,52.35840000000,0
-4.69964000000,52.07200000000,0
-3.83205000000,52.26854000000,0
-3.98254000000,52.35603000000,0
-3.39819000000,52.45431000000,0
-4.81719000000,51.61952000000,0
-9.11958000000,53.09036000000,0
-8.23022000000,54.26353000000,0
-9.27951000000,53.44822000000,0
-6.24305000000,54.07122000000,0
-7.32111000000,53.54300000000,0
-2.53618000000,54.16943000000,0
-9.37274000000,51.64959000000,0
-7.18064000000,53.00293000000,0
-10.69882000000,52.07612000000,0
-6.12263000000,53.35044000000,0
-2.50103000000,51.20262000000,0
-2.64543000000,51.29184000000,0
-3.11993000000,53.08664000000,0
-3.52368000000,51.82330000000,0
-7.76928000000,54.35338000000,0
-2.78884000000,51.29097000000,0
-2.64417000000,51.20192000000,0
-3.23354000000,51.82670000000,0
-2.07744000000,54.62001000000,0
-2.38299000000,54.17002000000,0
-8.96431000000,52.82210000000,0
-2.84254000000,54.16768000000,0
-1.19294000000,60.00789000000,0
-1.36885000000,60.18845000000,0
-5.25633000000,51.69811000000,0
-4.38894000000,51.71896000000,0
-4.24428000000,51.72181000000,0
-5.26670000000,57.63292000000,0
-1.78054000000,52.19263000000,0
-3.82933000000,55.68484000000,0
-4.33842000000,56.21551000000,0
-3.85928000000,56.31352000000,0
-6.52540000000,58.31368000000,0
-4.01541000000,53.07485000000,0
-2.21946000000,52.19263000000,0
-2.65052000000,51.65152000000,0
-4.01142000000,56.13139000000,0
-4.82614000000,54.04753000000,0
-2.71600000000,55.69638000000,0
0.19669000000,50.73333000000,0
-1.92357000000,54.08071000000,0
-1.61701000000,54.17002000000,0
-7.17722000000,53.18264000000,0
-6.46143000000,52.27676000000,0
-6.42287000000,53.35479000000,0
-2.53852000000,54.34919000000,0
-7.45082000000,55.16092000000,0
-8.36346000000,51.92670000000,0
-1.45431000000,54.88843000000,0
-2.69388000000,54.43828000000,0
-3.86366000000,56.40332000000,0
-1.30152000000,54.70789000000,0
-1.29841000000,54.88763000000,0
-1.30306000000,54.61802000000,0
-3.00443000000,54.52598000000,0
-4.51128000000,56.39190000000,0
-3.00005000000,54.34625000000,0
-4.26826000000,57.74464000000,0
-9.11035000000,52.73095000000,0
-4.46107000000,50.36823000000,0
-5.01148000000,50.17534000000,0
-2.71111000000,55.42681000000,0
-10.55309000000,52.07937000000,0
-3.15893000000,54.52460000000,0
-1.29685000000,54.97750000000,0
-4.11643000000,52.08392000000,0
-3.40086000000,57.03842000000,0
-1.20177000000,51.83046000000,0
-2.07375000000,52.55246000000,0
-2.07796000000,54.88963000000,0
-7.36970000000,57.11090000000,0
-3.85083000000,52.71785000000,0
-3.86621000000,53.07728000000,0
-8.38370000000,54.26314000000,0
-2.64796000000,51.47169000000,0
-7.18737000000,52.64349000000,0
-2.93407000000,51.37983000000,0
-3.07146000000,51.10885000000,0
-6.12656000000,53.26063000000,0
-1.64072000000,51.38300000000,0
-2.64669000000,51.38177000000,0
-6.13825000000,52.99118000000,0
-3.12462000000,53.26641000000,0
-2.84072000000,54.07780000000,0
-3.68898000000,52.36059000000,0
-1.34819000000,51.74144000000,0
-1.20336000000,51.74055000000,0
-1.34948000000,51.65152000000,0
-7.33099000000,52.91401000000,0
-9.12192000000,53.18020000000,0
-7.61546000000,54.35298000000,0
-5.70348000000,50.06533000000,0
-5.03432000000,50.53461000000,0
-3.37862000000,51.82509000000,0
-9.26882000000,53.08886000000,0
-9.41510000000,52.99734000000,0
-2.21557000000,51.38335000000,0
-3.14886000000,54.16514000000,0
-1.37397000000,59.91907000000,0
-3.82515000000,55.59502000000,0
-4.02561000000,56.40078000000,0
-4.05969000000,57.02931000000,0
-4.80851000000,56.02593000000,0
-4.17728000000,56.21846000000,0
-1.21423000000,51.11112000000,0
-4.23984000000,51.63196000000,0
-2.36651000000,52.28218000000,0
-1.03138000000,52.99807000000,0
-10.04906000000,53.79699000000,0
-9.59394000000,53.80391000000,0
-9.89738000000,53.79949000000,0
-3.34003000000,55.33166000000,0
-7.60772000000,55.16153000000,0
-8.38454000000,54.35298000000,0
-1.92307000000,54.35037000000,0
-7.76410000000,55.25176000000,0
-6.11069000000,53.61987000000,0
-9.43302000000,53.53634000000,0
-9.37546000000,51.73945000000,0
-6.50625000000,55.24285000000,0
-2.38550000000,54.43966000000,0
-6.60225000000,52.45828000000,0
-6.82329000000,55.15648000000,0
-3.16405000000,54.70432000000,0
-4.23542000000,51.54210000000,0
-2.50005000000,51.11269000000,0
-4.65439000000,56.11924000000,0
-2.21991000000,52.28255000000,0
-3.48091000000,54.88063000000,0
-3.78895000000,51.19002000000,0
-3.67541000000,52.00109000000,0
-9.97393000000,52.18039000000,0
-6.25805000000,53.71198000000,0
-6.45831000000,52.36660000000,0
-6.11469000000,53.53007000000,0
-3.12227000000,53.17653000000,0
-8.53717000000,54.26255000000,0
-8.50682000000,51.74640000000,0
-9.41217000000,52.90750000000,0
-9.65834000000,51.55600000000,0
-8.97236000000,53.18152000000,0
-9.81321000000,51.82340000000,0
-8.96831000000,53.00181000000,0
-9.88133000000,53.44026000000,0
-8.22873000000,53.99399000000,0
-3.16148000000,54.61446000000,0
-3.81376000000,51.81918000000,0
-3.42743000000,53.35307000000,0
-7.18903000000,52.55363000000,0
-9.24308000000,52.19036000000,0
-4.96892000000,58.08968000000,0
-2.54327000000,54.70869000000,0
-2.38892000000,54.79916000000,0
-3.88142000000,56.76253000000,0
-4.49369000000,56.12259000000,0
-4.33297000000,56.12573000000,0
-6.13048000000,53.17082000000,0
-1.92323000000,54.26048000000,0
-10.26613000000,52.17514000000,0
-6.39921000000,53.98354000000,0
-9.52019000000,51.73766000000,0
-6.19193000000,55.23860000000,0
-2.84993000000,54.52717000000,0
-2.23232000000,54.61981000000,0
-2.54207000000,54.61882000000,0
-1.21116000000,51.29097000000,0
-8.38122000000,53.99360000000,0
-2.65704000000,52.10109000000,0
-6.66344000000,55.24467000000,0
-9.52931000000,52.00722000000,0
-2.50798000000,51.83207000000,0
-8.07742000000,54.62310000000,0
-3.62232000000,54.51927000000,0
-3.65558000000,51.46179000000,0
-9.11726000000,53.00051000000,0
0.29467000000,52.71009000000,0
-1.92757000000,51.74322000000,0
-9.27147000000,53.17870000000,0
-1.61108000000,54.79916000000,0
-3.57102000000,53.17145000000,0
-8.85152000000,54.62014000000,0
-2.63676000000,50.66235000000,0
-2.50697000000,51.74215000000,0
-6.30466000000,52.54427000000,0
-6.38528000000,54.34280000000,0
-8.07328000000,52.28676000000,0
-5.29734000000,50.25754000000,0
-3.58089000000,57.39569000000,0
-4.52917000000,56.66118000000,0
-7.92472000000,53.45505000000,0
-7.92137000000,55.25196000000,0
-9.26619000000,52.99902000000,0
-3.08200000000,51.55841000000,0
-2.35928000000,51.38300000000,0
-1.92239000000,54.70988000000,0
-1.37057000000,60.09866000000,0
-1.45673000000,54.70869000000,0
-4.62289000000,53.24285000000,0
-1.92714000000,52.01298000000,0
-2.56338000000,56.14648000000,0
-3.83354000000,55.77466000000,0
-3.65895000000,55.41763000000,0
-4.01962000000,53.16469000000,0
-1.92655000000,52.37264000000,0
-1.02937000000,53.08795000000,0
-0.88471000000,52.90687000000,0
-6.88736000000,52.82081000000,0
-3.56939000000,57.12627000000,0
-4.66683000000,56.29876000000,0
-2.71436000000,55.60653000000,0
-3.15387000000,54.34487000000,0
-6.50287000000,55.33265000000,0
-9.95818000000,51.82108000000,0
-2.84806000000,54.43730000000,0
-5.02857000000,50.44479000000,0
-5.11184000000,51.70203000000,0
-5.56402000000,50.06970000000,0
-2.97266000000,53.17784000000,0
-2.07228000000,51.65330000000,0
-3.65234000000,51.37190000000,0
-6.89192000000,52.64110000000,0
-3.39414000000,56.85878000000,0
-4.64822000000,56.02948000000,0
-6.28711000000,52.99342000000,0
-8.23123000000,54.44322000000,0
-2.93043000000,51.19999000000,0
-1.15194000000,54.43730000000,0
-3.24598000000,52.27618000000,0
-4.39369000000,51.80880000000,0
-2.38635000000,54.52953000000,0
-4.41293000000,52.16816000000,0
-1.76716000000,54.70968000000,0
-7.77028000000,54.17368000000,0
-1.36712000000,60.27824000000,0
-3.84703000000,52.62799000000,0
-1.03339000000,52.90818000000,0
-1.92273000000,54.53013000000,0
-8.38622000000,54.53267000000,0
-7.63211000000,52.46596000000,0
-10.12432000000,52.26767000000,0
-4.54296000000,54.41350000000,0
-2.23598000000,55.24891000000,0
-4.21798000000,51.18267000000,0
-3.85848000000,52.89757000000,0
-3.27187000000,53.17502000000,0
-6.53585000000,57.05395000000,0
-7.48705000000,52.28567000000,0
0.05506000000,50.73592000000,0
-5.18841000000,56.73594000000,0
-2.65181000000,51.74144000000,0
-3.38414000000,52.00487000000,0
-4.45775000000,52.97660000000,0
-2.50299000000,51.38247000000,0
-1.49701000000,51.38247000000,0
-4.97321000000,51.79557000000,0
-4.49421000000,50.99720000000,0
-9.53238000000,52.09707000000,0
-5.58445000000,55.73603000000,0
-5.12173000000,55.92849000000,0
-7.45570000000,54.80159000000,0
-1.19512000000,59.91809000000,0
-3.94717000000,51.54724000000,0
-3.87796000000,53.34683000000,0
-2.22930000000,54.08052000000,0
-4.32938000000,50.55085000000,0
-2.99787000000,54.25638000000,0
-3.34307000000,55.42150000000,0
-3.80866000000,55.23574000000,0
-8.23590000000,55.25176000000,0
-7.92154000000,55.16213000000,0
-9.12427000000,53.27005000000,0
-3.12699000000,53.35629000000,0
-1.08027000000,50.66046000000,0
-7.47530000000,53.27419000000,0
-2.23284000000,54.70968000000,0
-1.92406000000,53.81105000000,0
-3.50283000000,51.19404000000,0
-4.60155000000,50.36517000000,0
1.08743000000,51.34285000000,0
-5.14544000000,50.08181000000,0
-3.31630000000,54.61288000000,0
-7.92172000000,55.07230000000,0
-2.21685000000,51.65312000000,0
-5.18083000000,56.64623000000,0
-1.92670000000,52.28273000000,0
-3.30282000000,58.92610000000,0
-3.25360000000,52.54585000000,0
-2.79350000000,51.56072000000,0
-2.38382000000,54.25990000000,0
-1.01094000000,60.09646000000,0
-6.59074000000,52.81766000000,0
-3.55803000000,52.81198000000,0
-2.07345000000,52.37264000000,0
-2.38216000000,54.08013000000,0
-5.28153000000,55.92433000000,0
-2.07761000000,54.70988000000,0
-10.05787000000,53.97658000000,0
-9.66491000000,51.73570000000,0
-5.27396000000,55.83462000000,0
-7.39581000000,57.28979000000,0
-2.56207000000,56.05663000000,0
-1.92373000000,53.99083000000,0
1.33622000000,52.77529000000,0
-5.15726000000,50.26143000000,0
-5.00024000000,49.99569000000,0
-8.51295000000,52.28567000000,0
-3.13176000000,53.53604000000,0
-3.97852000000,52.26617000000,0
-9.58045000000,53.44462000000,0
-6.59364000000,52.72781000000,0
-2.72773000000,56.32533000000,0
-2.07660000000,54.17060000000,0
-1.19075000000,60.09768000000,0
-4.49952000000,56.21236000000,0
-10.20544000000,53.88409000000,0
-7.92189000000,54.98246000000,0
-5.04472000000,54.94140000000,0
-1.45793000000,54.61882000000,0
-3.57704000000,57.30588000000,0
-4.82824000000,56.29517000000,0
-5.03240000000,56.82973000000,0
-2.22354000000,53.00180000000,0
-3.64775000000,55.14814000000,0
1.46993000000,52.59154000000,0
-2.21599000000,51.47328000000,0
-2.86325000000,55.15622000000,0
-3.87011000000,53.16713000000,0
-2.78577000000,51.11112000000,0
-4.97640000000,58.17938000000,0
-4.67356000000,54.05102000000,0
-2.07610000000,53.90094000000,0
-4.99664000000,56.38111000000,0
-3.71342000000,52.98966000000,0
-8.53601000000,54.17271000000,0
-6.52285000000,54.79382000000,0
-2.22980000000,54.17040000000,0
1.32937000000,52.68553000000,0
-4.16009000000,52.98239000000,0
1.18165000000,52.68959000000,0
-5.16322000000,50.35124000000,0
-2.22080000000,52.46237000000,0
-9.76076000000,54.16103000000,0
-5.21918000000,57.09475000000,0
-2.68787000000,54.07877000000,0
-1.77070000000,54.08052000000,0
-3.30483000000,54.25345000000,0
-7.63361000000,52.28621000000,0
-9.51719000000,51.64781000000,0
-2.23335000000,54.79956000000,0
-1.07674000000,50.84031000000,0
-5.15094000000,56.28738000000,0
-2.78123000000,50.84135000000,0
-2.24033000000,55.96781000000,0
-4.34390000000,56.30529000000,0
-4.35182000000,51.00016000000,0
-6.13438000000,53.08100000000,0
-5.01715000000,50.26516000000,0
-9.80603000000,51.64372000000,0
-1.18854000000,60.18747000000,0
-5.43389000000,57.62848000000,0
0.75530000000,52.97007000000,0
-9.73825000000,53.62216000000,0
-7.18570000000,52.73336000000,0
-7.77745000000,52.82581000000,0
-4.67310000000,56.38851000000,0
0.20090000000,50.82320000000,0
-4.89338000000,50.53820000000,0
-4.62141000000,50.72455000000,0
1.58800000000,52.22820000000,0
0.44257000000,52.70714000000,0
-6.25303000000,49.95648000000,0
-2.65837000000,52.19100000000,0
-8.07480000000,53.18546000000,0
-4.82838000000,51.79914000000,0
-9.26356000000,52.90917000000,0
-8.22923000000,54.08384000000,0
-3.81686000000,55.41538000000,0
-4.31857000000,53.15924000000,0
-1.92685000000,52.19281000000,0
-9.59054000000,53.71409000000,0
-2.23868000000,55.69824000000,0
-2.70315000000,54.97750000000,0
-1.61365000000,54.52953000000,0
-5.39215000000,57.18009000000,0
-6.59939000000,52.54812000000,0
-5.27887000000,49.98814000000,0
-3.21429000000,51.10746000000,0
-6.41620000000,53.53444000000,0
-3.58867000000,57.57529000000,0
-1.92533000000,53.09189000000,0
-2.07693000000,54.35037000000,0
-6.89644000000,52.46139000000,0
-4.12778000000,55.32048000000,0
-10.03603000000,53.52759000000,0
-4.19249000000,50.64346000000,0
-5.16921000000,50.44104000000,0
-4.09131000000,51.54476000000,0
-1.61280000000,54.61941000000,0
-8.39052000000,54.98186000000,0
-4.74201000000,50.36194000000,0
-2.40055000000,55.96740000000,0
-6.98244000000,55.06807000000,0
-2.39241000000,55.15864000000,0
-6.29419000000,52.81376000000,0
-1.76665000000,54.79956000000,0
-3.95489000000,51.72699000000,0
-6.66644000000,55.15486000000,0
-5.43739000000,50.25348000000,0
-2.37103000000,52.82162000000,0
-3.01562000000,54.97529000000,0
-2.07272000000,51.92306000000,0
-10.27071000000,52.26495000000,0
-4.74394000000,52.79047000000,0
-9.67155000000,51.91539000000,0
-4.32830000000,53.33889000000,0
-2.53387000000,53.98967000000,0
-6.55161000000,53.98548000000,0
-1.46613000000,53.98967000000,0
-5.01797000000,56.65029000000,0
-1.14820000000,54.61703000000,0
-10.12004000000,52.17786000000,0
1.48420000000,52.77103000000,0
-4.09544000000,51.63463000000,0
-8.21808000000,51.92706000000,0
-9.71645000000,53.08324000000,0
-2.85180000000,54.61703000000,0
-6.39576000000,54.07336000000,0
-9.80961000000,51.73356000000,0
-2.64043000000,50.93214000000,0
-4.48940000000,50.90735000000,0
-3.11529000000,52.90687000000,0
-4.18239000000,56.30824000000,0
-4.16458000000,53.07222000000,0
-1.77169000000,53.90075000000,0
-5.13957000000,49.99200000000,0
-2.74352000000,57.13389000000,0
-4.26227000000,52.08121000000,0
-7.62677000000,53.09504000000,0
-8.22972000000,54.17368000000,0
-6.07045000000,55.81081000000,0
-1.76970000000,54.26029000000,0
-8.81097000000,52.55363000000,0
-1.92390000000,53.90094000000,0
-4.01122000000,52.98500000000,0
-0.42568000000,53.26132000000,0
-3.07564000000,51.28868000000,0
-10.03174000000,53.43779000000,0
0.90404000000,52.96653000000,0
-9.58716000000,53.62426000000,0
-2.07727000000,54.53013000000,0
-8.79640000000,51.74480000000,0
-2.56076000000,55.96677000000,0
-2.07778000000,54.79976000000,0
-4.88951000000,57.10279000000,0
-4.21368000000,51.09280000000,0
-3.08845000000,51.82813000000,0
-3.72418000000,53.25924000000,0
-2.41010000000,56.86589000000,0
-3.22382000000,51.46709000000,0
-9.52626000000,51.91737000000,0
-4.60648000000,50.45502000000,0
-5.05437000000,57.09888000000,0
-7.76195000000,55.61108000000,0
0.01122000000,52.98500000000,0
-4.66059000000,56.20900000000,0
-5.43094000000,50.16369000000,0
-3.50871000000,51.37384000000,0
-3.09943000000,52.27763000000,0
-2.08030000000,56.05788000000,0
-5.00585000000,50.08551000000,0
-2.07848000000,55.15925000000,0
-3.22142000000,51.37718000000,0
1.76458000000,52.58253000000,0
-7.31967000000,53.63285000000,0
-7.31676000000,53.81255000000,0
-3.95878000000,51.81685000000,0
-6.11867000000,53.44026000000,0
-2.38978000000,54.88903000000,0
-2.35788000000,51.20315000000,0
-2.22171000000,52.64218000000,0
-1.92549000000,53.00199000000,0
-7.92642000000,52.46651000000,0
-1.92187000000,54.97951000000,0
-3.76015000000,57.66287000000,0
-4.18753000000,56.39803000000,0
-3.07355000000,51.19877000000,0
-2.72944000000,56.41518000000,0
-2.69237000000,54.34840000000,0
-4.97567000000,56.11191000000,0
-7.03169000000,53.00181000000,0
-7.76516000000,55.07210000000,0
-9.42999000000,53.44651000000,0
-6.73904000000,52.81932000000,0
-3.31341000000,54.52302000000,0
-3.85060000000,56.13390000000,0
-2.08262000000,57.13606000000,0
10.25000000000,54.45003000000,0
10.80000000000,44.70000000000,0
-8.50000000000,40.20000000000,0
16.70000000000,50.80000000000,0
10.08333000000,54.35003000000,0
6.10000000000,43.00000000000,0
-6.27274000000,53.35271000000,0
-2.79038000000,51.38088000000,0
-6.43274000000,53.08530000000,0
-6.27636000000,53.26289000000,0
-6.71778000000,53.53806000000,0
-8.37401000000,53.18490000000,0
-6.61072000000,52.18873000000,0
-9.76458000000,54.25084000000,0
-2.21728000000,51.74305000000,0
0.12069000000,52.17377000000,0
-9.11494000000,52.91066000000,0
-2.07813000000,54.97951000000,0
-0.57557000000,53.26320000000,0
-5.28499000000,50.07794000000,0
-4.02385000000,53.25453000000,0
1.47705000000,52.68129000000,0
-6.38879000000,54.25298000000,0
