POINT_X,POINT_Y,pm_pres
12.39577000000,65.89408000000,1
-6.38049000000,54.29342000000,1
13.31093000000,52.45615000000,1
11.75000000000,51.05003000000,1
10.58333000000,51.85003000000,1
-4.02385000000,53.25453000000,1
-0.85855000000,53.89554000000,1
8.08333000000,53.15003000000,1
6.58333000000,51.45003000000,1
8.25000000000,49.25003000000,1
8.25000000000,49.45003000000,1
8.08333000000,49.45003000000,1
8.08333000000,49.25003000000,1
7.75000000000,48.45003000000,1
9.61400000000,58.88701000000,1
5.20438000000,52.19548000000,1
6.90294000000,52.68027000000,1
5.85593000000,51.56550000000,1
6.61989000000,53.13290000000,1
6.29486000000,51.87753000000,1
5.13304000000,51.88076000000,1
5.27806000000,51.97087000000,1
4.83985000000,52.10447000000,1
5.71139000000,51.52105000000,1
5.78187000000,51.34105000000,1
6.44429000000,52.05605000000,1
5.78739000000,51.97024000000,1
6.08472000000,52.37332000000,1
4.83202000000,52.73357000000,1
5.49940000000,53.18412000000,1
4.90800000000,52.55415000000,1
5.78941000000,52.19493000000,1
6.09846000000,53.22699000000,1
6.17251000000,53.18160000000,1
5.56642000000,51.29664000000,1
-6.00483000000,54.75501000000,1
-3.20728000000,50.83772000000,1
-6.05665000000,54.78725000000,1
14.47260000000,63.22690000000,1
11.58333000000,48.65003000000,1
7.80000000000,48.90000000000,1
10.25000000000,52.15003000000,1
9.95444000000,59.25474000000,1
16.61450000000,56.49010000000,1
10.80000000000,44.70000000000,1
8.91667000000,49.25003000000,1
14.25000000000,51.65003000000,1
5.64187000000,51.97064000000,1
6.24908000000,53.27093000000,1
5.13555000000,51.43134000000,1
6.70276000000,53.40162000000,1
6.23241000000,52.41729000000,1
5.13430000000,51.65605000000,1
6.59859000000,52.36917000000,1
6.98832000000,52.99373000000,1
6.08402000000,52.32838000000,1
4.75735000000,52.77813000000,1
5.85547000000,51.52056000000,1
4.61392000000,52.50766000000,1
6.17332000000,53.22653000000,1
3.41596000000,52.94326000000,1
9.75000000000,54.15003000000,1
4.90004000000,61.84374000000,1
6.33471000000,61.86857000000,1
-0.07550000000,51.00798000000,1
6.83793000000,52.95071000000,1
6.15970000000,52.46273000000,1
6.58646000000,51.91986000000,1
5.64060000000,51.74593000000,1
6.15736000000,52.32793000000,1
3.98397000000,51.46812000000,1
6.68384000000,52.77274000000,1
4.62703000000,51.74374000000,1
5.63885000000,51.43134000000,1
5.77765000000,50.84668000000,1
-6.28030000000,53.37551000000,1
17.32680000000,59.99490000000,1
11.00798000000,59.03213000000,1
10.91667000000,52.15003000000,1
13.41667000000,51.35003000000,1
7.75000000000,47.65002000000,1
6.07912000000,52.01382000000,1
5.71628000000,52.19516000000,1
3.97840000000,51.64785000000,1
5.92965000000,51.70001000000,1
6.09772000000,53.18207000000,1
6.09920000000,53.27192000000,1
6.37537000000,52.23642000000,1
6.61861000000,53.08798000000,1
5.79857000000,53.18347000000,1
5.27903000000,51.56639000000,1
3.91638000000,51.33244000000,1
4.75606000000,52.86799000000,1
5.35071000000,52.10573000000,1
12.25000000000,51.65003000000,1
8.91667000000,48.05002000000,1
-0.63493000000,51.37560000000,1
5.92751000000,51.52025000000,1
5.56875000000,51.88089000000,1
6.51946000000,52.14524000000,1
6.98174000000,52.81406000000,1
6.68650000000,52.86258000000,1
5.64341000000,52.24028000000,1
7.03561000000,52.27400000000,1
6.58886000000,52.00972000000,1
4.68398000000,52.73278000000,1
4.69598000000,51.96889000000,1
5.93401000000,52.05953000000,1
-6.78770000000,53.49856000000,1
6.80186000000,62.81680000000,1
12.35750000000,56.92430000000,1
12.79140000000,56.64890000000,1
4.91187000000,52.19466000000,1
6.85154000000,53.35497000000,1
5.49951000000,53.22905000000,1
5.77727000000,50.80174000000,1
4.05327000000,51.55883000000,1
6.51832000000,52.10031000000,1
6.30219000000,52.23701000000,1
6.32013000000,53.09068000000,1
4.61313000000,52.55260000000,1
7.08333000000,50.65003000000,1
8.41667000000,49.15003000000,1
-4.61195000000,55.49088000000,1
-2.68054000000,53.62936000000,1
-0.92013000000,51.46850000000,1
5.20457000000,52.15054000000,1
5.78148000000,51.29611000000,1
5.56947000000,52.06066000000,1
5.49668000000,52.10569000000,1
6.51605000000,52.01044000000,1
-9.09426000000,52.95158000000,1
8.25000000000,49.55003000000,1
15.67142000000,69.15850000000,1
8.58333000000,47.95002000000,1
6.37239000000,52.10162000000,1
6.29942000000,52.10221000000,1
5.13202000000,52.06052000000,1
5.35086000000,51.92597000000,1
4.98500000000,52.19493000000,1
6.61607000000,52.99814000000,1
6.51267000000,51.87564000000,1
5.56966000000,52.10560000000,1
6.54760000000,53.22349000000,1
5.92014000000,50.89106000000,1
13.47280000000,55.70850000000,1
12.98180000000,55.72910000000,1
-0.20053000000,51.45967000000,1
-0.34442000000,51.46179000000,1
-9.76458000000,54.25084000000,1
14.28520000000,53.14963000000,1
-9.69554000000,54.23847000000,1
13.25860000000,55.77640000000,1
10.25000000000,54.45003000000,1
6.30870000000,52.55154000000,1
5.57400000000,53.13910000000,1
5.35118000000,51.52149000000,1
5.35125000000,51.43160000000,1
4.83031000000,52.86836000000,1
9.08333000000,48.55003000000,1
8.75000000000,50.15003000000,1
14.08530000000,55.38510000000,1
6.84244000000,53.08547000000,1
4.68470000000,52.68785000000,1
4.90604000000,52.73389000000,1
6.68918000000,52.95243000000,1
5.13177000000,52.10546000000,1
6.89218000000,52.36580000000,1
6.07090000000,51.47455000000,1
6.00691000000,52.05917000000,1
14.26657000000,53.05338000000,1
11.08333000000,52.15003000000,1
-8.37401000000,53.18490000000,1
-3.20152000000,55.96219000000,1
-6.38264000000,53.05344000000,1
6.36943000000,51.96681000000,1
6.39060000000,52.91037000000,1
3.47670000000,51.55082000000,1
6.67854000000,52.59303000000,1
5.64315000000,52.19534000000,1
6.66810000000,52.23361000000,1
5.86158000000,52.10478000000,1
11.41667000000,50.65003000000,1
-0.24249000000,54.06790000000,1
-2.52708000000,53.45034000000,1
-6.71778000000,53.53806000000,1
6.30777000000,52.50661000000,1
4.84095000000,52.01459000000,1
5.13456000000,51.61111000000,1
6.09625000000,53.09221000000,1
3.76496000000,51.55518000000,1
4.98861000000,51.79047000000,1
6.22477000000,52.01288000000,1
6.55123000000,53.35825000000,1
5.79772000000,53.09361000000,1
5.71171000000,51.56599000000,1
7.25000000000,50.65003000000,1
6.75000000000,49.25003000000,1
-1.35957000000,50.93214000000,1
-2.79038000000,51.38088000000,1
-1.60847000000,55.06877000000,1
5.85733000000,51.70032000000,1
5.27795000000,52.01581000000,1
6.51379000000,51.92057000000,1
4.76625000000,52.14904000000,1
4.98173000000,52.55443000000,1
6.24285000000,52.95646000000,1
5.86110000000,52.05984000000,1
13.15130000000,55.70670000000,1
14.92842000000,51.15154000000,1
10.08333000000,54.35003000000,1
8.08333000000,50.05003000000,1
16.53650000000,56.37170000000,1
6.07981000000,52.05876000000,1
6.38649000000,52.73066000000,1
5.91911000000,50.80117000000,1
5.99061000000,50.84576000000,1
4.63079000000,51.51905000000,1
5.35129000000,51.38666000000,1
5.92697000000,51.47530000000,1
3.62951000000,51.32846000000,1
6.69052000000,52.99735000000,1
10.91667000000,51.45003000000,1
11.69484000000,60.85484000000,1
-5.28499000000,50.07794000000,1
-9.11494000000,52.91066000000,1
-8.50000000000,40.20000000000,1
14.94307000000,51.25066000000,1
9.91667000000,51.45003000000,1
5.93900000000,52.46396000000,1
4.83653000000,52.37409000000,1
6.96237000000,52.27500000000,1
5.20727000000,51.47641000000,1
8.41667000000,48.95002000000,1
-6.61072000000,52.18873000000,1
5.71011000000,51.34127000000,1
5.20420000000,52.24042000000,1
6.76073000000,52.86175000000,1
6.61734000000,53.04306000000,1
5.64630000000,52.73458000000,1
3.97700000000,51.69278000000,1
6.00382000000,51.83447000000,1
16.37920000000,56.42490000000,1
-0.33127000000,51.82133000000,1
-6.21010000000,53.25766000000,1
4.90653000000,52.68896000000,1
6.76214000000,52.90667000000,1
5.84864000000,50.84642000000,1
6.88762000000,52.23102000000,1
6.31629000000,52.91098000000,1
6.02559000000,53.36219000000,1
5.31879000000,60.38746000000,1
8.91667000000,49.15003000000,1
6.34683000000,61.86098000000,1
0.48462000000,50.81750000000,1
0.93258000000,51.16693000000,1
-6.43274000000,53.08530000000,1
-1.45187000000,55.06817000000,1
11.75000000000,51.45003000000,1
5.63835000000,51.34145000000,1
3.41440000000,51.32501000000,1
6.16049000000,52.50766000000,1
5.70604000000,50.75701000000,1
4.41566000000,51.47251000000,1
5.86495000000,52.41935000000,1
6.22899000000,52.23756000000,1
5.42464000000,53.22909000000,1
6.97685000000,52.67930000000,1
16.90000000000,48.00000000000,1
6.78072000000,58.06248000000,1
10.40413000000,59.10610000000,1
11.00919000000,59.03247000000,1
-8.39701000000,53.17160000000,1
-6.13736000000,56.43819000000,1
-2.21728000000,51.74305000000,1
6.83644000000,52.90579000000,1
5.27892000000,51.61133000000,1
6.22985000000,52.28249000000,1
4.90456000000,52.86868000000,1
7.03728000000,52.31892000000,1
5.22269000000,60.40974000000,1
13.06610000000,55.37380000000,1
11.58333000000,50.35003000000,1
13.41667000000,54.05003000000,1
10.58333000000,51.75003000000,1
9.75000000000,49.05003000000,1
6.38854000000,52.82052000000,1
4.40694000000,51.87695000000,1
5.42366000000,52.06079000000,1
4.68326000000,52.77772000000,1
5.56624000000,51.25170000000,1
0.12069000000,52.17377000000,1
1.47705000000,52.68129000000,1
-6.27274000000,53.35271000000,1
-6.27636000000,53.26289000000,1
-1.64488000000,50.84342000000,1
9.75000000000,51.75003000000,1
3.98673000000,51.37825000000,1
6.09188000000,52.82264000000,1
5.99003000000,50.80082000000,1
6.68118000000,52.68289000000,1
6.22815000000,52.19262000000,1
5.20710000000,51.52136000000,1
6.46938000000,53.08942000000,1
6.37338000000,52.14655000000,1
4.62779000000,51.69881000000,1
-2.07813000000,54.97951000000,1
-1.76561000000,54.97930000000,1
5.71333000000,51.79070000000,1
5.78699000000,51.92530000000,1
5.20602000000,51.79101000000,1
6.29851000000,52.05727000000,1
5.49602000000,51.83604000000,1
-6.54540000000,52.20179000000,1
8.41667000000,47.75002000000,1
11.25000000000,51.05003000000,1
-0.57557000000,53.26320000000,1
0.83401000000,51.88895000000,1
-3.62387000000,50.56283000000,1
-6.38879000000,54.25298000000,1
-1.60759000000,55.15864000000,1
6.02162000000,53.09263000000,1
16.70000000000,50.80000000000,1
6.10000000000,43.00000000000,1
12.41667000000,54.35003000000,1
4.55958000000,51.47362000000,1
6.31820000000,53.00083000000,1
6.60976000000,52.77352000000,1
6.15580000000,52.23806000000,1
6.76356000000,52.95159000000,1
5.56856000000,51.83595000000,1
6.45071000000,52.32565000000,1
-2.87309000000,55.60550000000,1
8.91667000000,51.75003000000,0
10.08333000000,50.95003000000,0
4.70000000000,43.70000000000,0
9.58333000000,48.55002000000,0
11.25000000000,49.85003000000,0
11.41667000000,49.65003000000,0
11.41667000000,49.75003000000,0
11.75000000000,49.25002000000,0
11.41667000000,49.55003000000,0
11.25000000000,49.75003000000,0
11.58333000000,49.65003000000,0
11.25000000000,49.55003000000,0
11.58333000000,49.55003000000,0
11.58333000000,49.45003000000,0
11.41667000000,49.85002000000,0
11.25000000000,49.65003000000,0
11.58333000000,49.75003000000,0
10.41667000000,49.55002000000,0
10.75000000000,48.85002000000,0
15.00000000000,47.80000000000,0
8.91667000000,54.15003000000,0
8.91667000000,54.05003000000,0
8.75000000000,54.65003000000,0
8.91667000000,54.25003000000,0
8.20000000000,55.50000000000,0
8.75000000000,54.75003000000,0
8.41667000000,54.95003000000,0
8.58333000000,54.95003000000,0
8.41667000000,55.05003000000,0
10.41667000000,53.85003000000,0
8.58333000000,52.75003000000,0
8.50000000000,57.00000000000,0
12.25000000000,49.35003000000,0
17.40000000000,54.70000000000,0
8.25000000000,51.15003000000,0
11.91667000000,48.15002000000,0
11.08333000000,49.25003000000,0
9.41667000000,50.05003000000,0
20.10000000000,49.10000000000,0
16.90000000000,48.70000000000,0
11.91667000000,53.35003000000,0
19.70000000000,64.30000000000,0
12.08333000000,53.35003000000,0
10.08333000000,49.65003000000,0
14.25000000000,52.45003000000,0
23.80000000000,35.30000000000,0
23.80000000000,35.20000000000,0
23.90000000000,35.30000000000,0
10.75000000000,53.85003000000,0
11.08333000000,49.55003000000,0
7.75000000000,53.75003000000,0
-2.30000000000,46.70000000000,0
24.70000000000,59.40000000000,0
24.90000000000,60.10000000000,0
18.50000000000,57.50000000000,0
8.75000000000,53.85003000000,0
20.30000000000,69.60000000000,0
5.80000000000,61.10000000000,0
11.70000000000,58.50000000000,0
10.75000000000,53.95003000000,0
16.30000000000,78.80000000000,0
9.91667000000,53.55003000000,0
8.75000000000,53.05003000000,0
7.89957000000,54.18346000000,0
8.75000000000,50.85003000000,0
12.90000000000,59.90000000000,0
11.60000000000,56.80000000000,0
10.08333000000,53.55003000000,0
11.30000000000,54.70000000000,0
1.30000000000,50.10000000000,0
15.60000000000,58.10000000000,0
-6.70000000000,33.50000000000,0
19.90000000000,60.20000000000,0
24.60000000000,60.40000000000,0
10.00000000000,56.00000000000,0
6.41667000000,49.85003000000,0
11.91667000000,48.05002000000,0
9.91667000000,48.45002000000,0
12.40000000000,50.10000000000,0
11.41667000000,48.15002000000,0
9.91667000000,48.15002000000,0
8.58333000000,48.45002000000,0
14.60000000000,48.50000000000,0
14.90000000000,48.40000000000,0
13.60000000000,47.30000000000,0
15.20000000000,48.90000000000,0
13.30000000000,48.00000000000,0
10.41667000000,48.15002000000,0
10.41667000000,48.35002000000,0
10.41667000000,48.25003000000,0
10.41667000000,48.05002000000,0
10.70000000000,59.60000000000,0
10.80000000000,60.40000000000,0
2.10000000000,47.90000000000,0
2.40000000000,47.80000000000,0
2.00000000000,47.40000000000,0
13.25000000000,53.35003000000,0
8.08333000000,53.75003000000,0
-5.50000000000,42.70000000000,0
10.08333000000,50.65003000000,0
10.25000000000,50.65003000000,0
10.08333000000,50.55003000000,0
11.30000000000,43.30000000000,0
11.58333000000,52.05003000000,0
13.60000000000,46.50000000000,0
8.75000000000,53.15003000000,0
8.75000000000,50.65003000000,0
6.58333000000,50.95003000000,0
7.25000000000,49.25003000000,0
9.91667000000,48.35002000000,0
9.75000000000,52.55003000000,0
4.80000000000,43.70000000000,0
12.08333000000,47.75002000000,0
12.75000000000,51.55003000000,0
9.75000000000,49.85003000000,0
9.75000000000,49.95003000000,0
14.25000000000,51.15003000000,0
8.91667000000,53.15003000000,0
9.70000000000,46.40000000000,0
17.90000000000,40.10000000000,0
9.80000000000,46.50000000000,0
10.00000000000,46.30000000000,0
12.25528000000,79.74444000000,0
16.04055000000,78.89500000000,0
20.13417000000,79.25167000000,0
13.28750000000,79.45556000000,0
15.88639000000,77.01778000000,0
13.61162000000,64.30367000000,0
13.72443000000,64.18814000000,0
10.15709000000,61.55734000000,0
9.91601000000,61.58598000000,0
10.41804000000,59.81963000000,0
11.04031000000,59.84700000000,0
12.32366000000,61.30353000000,0
23.24056000000,69.02070000000,0
23.75790000000,69.20828000000,0
8.96548000000,61.79436000000,0
18.32850000000,69.73627000000,0
18.85154000000,69.63812000000,0
20.76132000000,80.71375000000,0
18.26617000000,80.17126000000,0
10.28072000000,63.27604000000,0
10.64240000000,60.94958000000,0
9.27758000000,61.89848000000,0
10.63079000000,60.95440000000,0
17.53923000000,69.19796000000,0
18.93336000000,69.82790000000,0
25.92462000000,69.69250000000,0
10.28392000000,63.22462000000,0
10.32635000000,63.02002000000,0
9.64472000000,60.09814000000,0
8.44968000000,61.89084000000,0
30.73480000000,70.42932000000,0
9.85089000000,61.91312000000,0
18.60078000000,69.13293000000,0
11.23759000000,60.42149000000,0
24.74530000000,71.10936000000,0
10.22496000000,63.34735000000,0
29.95440000000,70.52464000000,0
5.67584000000,58.80155000000,0
10.40662000000,63.01707000000,0
10.71663000000,59.89113000000,0
7.94445000000,58.15583000000,0
23.05096000000,70.83559000000,0
10.78996000000,64.50634000000,0
9.65973000000,62.33243000000,0
30.59823000000,70.54160000000,0
18.54309000000,80.01209000000,0
23.70938000000,70.87746000000,0
15.10397000000,68.98603000000,0
19.65900000000,69.65681000000,0
19.41958000000,69.63126000000,0
18.87994000000,69.01904000000,0
10.82381000000,62.14354000000,0
11.24158000000,60.39873000000,0
10.74321000000,59.89550000000,0
10.72094000000,59.88337000000,0
10.69184000000,64.46456000000,0
19.74804000000,68.73082000000,0
30.57716000000,70.50636000000,0
18.90124000000,69.67852000000,0
23.23882000000,70.77392000000,0
9.59947000000,62.43497000000,0
20.69029000000,69.91720000000,0
19.01272000000,69.71418000000,0
8.73559000000,61.76273000000,0
23.50090000000,69.81099000000,0
24.24329000000,70.88377000000,0
20.19298000000,69.93128000000,0
18.62149000000,69.51262000000,0
16.51603000000,69.08466000000,0
5.75323000000,58.84232000000,0
19.26083000000,69.37989000000,0
19.03541000000,69.63339000000,0
18.47871000000,69.42461000000,0
19.33232000000,69.66985000000,0
19.00826000000,69.63672000000,0
19.77655000000,80.35046000000,0
28.77979000000,70.82130000000,0
17.41668000000,69.36551000000,0
19.66379000000,68.97926000000,0
10.67096000000,59.92887000000,0
10.63503000000,59.89250000000,0
12.04756000000,61.24910000000,0
24.71176000000,71.11158000000,0
18.79182000000,69.84351000000,0
16.16920000000,68.89022000000,0
18.97319000000,69.69212000000,0
5.54331000000,61.57532000000,0
16.78993000000,69.26828000000,0
11.20213000000,61.69763000000,0
28.18924000000,70.40421000000,0
12.27791000000,61.34013000000,0
20.68912000000,69.85794000000,0
9.64280000000,60.10178000000,0
5.86723000000,59.56269000000,0
5.61813000000,59.87569000000,0
24.80035000000,71.07799000000,0
12.02084000000,61.27177000000,0
5.97958000000,60.21865000000,0
10.80638000000,62.14264000000,0
8.73053000000,61.00520000000,0
18.15718000000,69.63163000000,0
23.57398000000,69.19369000000,0
19.74194000000,68.92150000000,0
19.40121000000,68.82621000000,0
22.49485000000,69.27288000000,0
16.61986000000,69.16150000000,0
31.03521000000,70.33103000000,0
7.78683000000,62.57386000000,0
19.43296000000,68.75009000000,0
16.92688000000,69.37952000000,0
18.03572000000,69.63096000000,0
9.63836000000,60.08423000000,0
9.83236000000,61.58764000000,0
24.78990000000,71.08773000000,0
12.35387000000,61.31712000000,0
18.94310000000,69.25107000000,0
18.54642000000,69.58932000000,0
8.78271000000,61.11592000000,0
10.76306000000,59.66543000000,0
24.77686000000,71.09541000000,0
21.27646000000,69.56926000000,0
10.73177000000,59.89493000000,0
10.52966000000,59.89696000000,0
24.73584000000,71.09532000000,0
11.02370000000,64.43009000000,0
18.98340000000,69.69320000000,0
8.49786000000,61.16314000000,0
10.76859000000,59.88796000000,0
18.54094000000,68.80601000000,0
29.70114000000,70.54790000000,0
28.87096000000,70.83486000000,0
13.38106000000,79.42159000000,0
23.30209000000,69.02809000000,0
8.18397000000,62.55307000000,0
10.85259000000,64.36555000000,0
28.66603000000,70.78792000000,0
11.40984000000,63.84645000000,0
19.24241000000,68.84127000000,0
11.43511000000,64.42704000000,0
11.35556000000,64.11427000000,0
18.99580000000,69.62927000000,0
21.80283000000,80.20742000000,0
29.83098000000,70.09422000000,0
9.55219000000,60.82644000000,0
19.59571000000,68.86116000000,0
19.43468000000,68.85540000000,0
23.51815000000,69.80282000000,0
8.84361000000,60.86516000000,0
9.46021000000,59.58698000000,0
28.04738000000,70.27687000000,0
8.81120000000,60.87825000000,0
17.34675000000,69.21074000000,0
9.02229000000,59.72708000000,0
29.22903000000,70.78973000000,0
19.87800000000,68.93110000000,0
18.47206000000,69.59589000000,0
8.03805000000,59.69118000000,0
8.23842000000,62.45489000000,0
11.95091000000,61.91979000000,0
10.82016000000,59.85543000000,0
5.73463000000,58.53841000000,0
11.36527000000,62.58644000000,0
9.72167000000,62.18215000000,0
11.96107000000,61.83740000000,0
10.24338000000,60.12942000000,0
5.76670000000,58.53642000000,0
5.77998000000,58.52815000000,0
9.17759000000,62.03706000000,0
9.06130000000,61.86921000000,0
5.93698000000,59.73376000000,0
8.34594000000,61.63342000000,0
10.88565000000,60.47230000000,0
13.15967000000,65.54572000000,0
9.68356000000,62.30663000000,0
28.83186000000,69.11919000000,0
9.31520000000,62.72002000000,0
8.40579000000,61.60864000000,0
8.81253000000,61.41187000000,0
12.06805000000,59.92037000000,0
15.81022000000,66.74860000000,0
19.57286000000,68.85154000000,0
8.67771000000,58.37545000000,0
9.55718000000,62.34811000000,0
9.64506000000,62.32077000000,0
8.04902000000,61.64015000000,0
6.33604000000,58.92235000000,0
8.40176000000,61.62465000000,0
7.65554000000,60.29738000000,0
10.75891000000,59.68437000000,0
4.88011000000,59.30447000000,0
8.87848000000,61.54236000000,0
9.61054000000,62.30337000000,0
9.30522000000,62.73577000000,0
28.99001000000,69.16475000000,0
23.19502000000,70.49680000000,0
9.66978000000,62.35662000000,0
5.56184000000,58.84021000000,0
20.82419000000,78.07973000000,0
9.63419000000,60.17943000000,0
8.95602000000,59.21837000000,0
10.30137000000,63.02969000000,0
5.12738000000,59.60668000000,0
9.30151000000,62.14209000000,0
10.79046000000,59.68405000000,0
15.44394000000,66.83713000000,0
29.24012000000,69.16773000000,0
15.41153000000,66.82149000000,0
9.27717000000,62.74156000000,0
5.89556000000,60.11546000000,0
23.73694000000,70.64537000000,0
5.79616000000,58.51185000000,0
21.31319000000,77.96837000000,0
5.60350000000,58.88278000000,0
15.60330000000,78.21318000000,0
15.79307000000,78.20801000000,0
5.51496000000,58.74721000000,0
9.28158000000,60.02542000000,0
6.31542000000,58.84297000000,0
7.44057000000,58.01602000000,0
7.44879000000,58.02030000000,0
10.30729000000,62.19833000000,0
10.11646000000,62.12679000000,0
9.08277000000,61.87090000000,0
9.01387000000,61.87350000000,0
9.14030000000,62.05420000000,0
8.10283000000,63.29926000000,0
22.89347000000,77.29508000000,0
22.83381000000,77.32361000000,0
8.78323000000,59.44048000000,0
9.10648000000,62.06131000000,0
8.92039000000,61.17491000000,0
10.21021000000,60.07416000000,0
16.65161000000,78.67078000000,0
7.37441000000,61.27171000000,0
9.81945000000,61.58675000000,0
8.43198000000,62.93653000000,0
16.65194000000,68.56698000000,0
8.48511000000,62.91711000000,0
30.51718000000,70.24289000000,0
18.41812000000,69.82916000000,0
8.17128000000,62.49410000000,0
18.60510000000,69.11895000000,0
5.88112000000,59.56437000000,0
28.44656000000,70.51193000000,0
18.82932000000,69.60768000000,0
8.46562000000,61.59089000000,0
21.31964000000,77.97031000000,0
10.42232000000,59.84246000000,0
8.98745000000,61.86808000000,0
21.45805000000,77.50083000000,0
16.05000000000,79.32194000000,0
15.60000000000,78.28000000000,0
13.82674000000,64.14692000000,0
9.97753000000,61.53335000000,0
13.62048000000,64.36188000000,0
8.47319000000,62.98044000000,0
11.10999000000,60.80401000000,0
8.38715000000,61.88581000000,0
9.61005000000,62.27522000000,0
8.71926000000,61.01626000000,0
9.80621000000,62.64561000000,0
10.69974000000,59.92943000000,0
18.16884000000,69.63102000000,0
19.14552000000,69.60715000000,0
20.67047000000,69.92157000000,0
21.23164000000,69.53823000000,0
8.07974000000,58.19156000000,0
9.20559000000,59.56605000000,0
19.07069000000,69.61654000000,0
25.46823000000,70.31071000000,0
23.25484000000,80.33602000000,0
10.54039000000,59.88516000000,0
27.84602000000,70.44342000000,0
17.81036000000,68.75178000000,0
30.55135000000,70.24127000000,0
9.62561000000,62.32070000000,0
23.04302000000,69.01229000000,0
21.28907000000,69.63467000000,0
8.44115000000,58.28872000000,0
18.95510000000,69.69068000000,0
19.26783000000,69.54610000000,0
19.67646000000,68.95008000000,0
9.21528000000,62.00558000000,0
9.09506000000,59.46902000000,0
30.72015000000,70.42476000000,0
17.32902000000,69.21499000000,0
19.41981000000,68.75775000000,0
21.09041000000,69.37104000000,0
9.87525000000,59.91285000000,0
19.07835000000,69.60165000000,0
11.15356000000,64.40823000000,0
10.25997000000,63.07647000000,0
29.80632000000,70.54832000000,0
10.43305000000,59.85835000000,0
10.24870000000,63.34146000000,0
17.11909000000,69.44715000000,0
21.52941000000,69.45729000000,0
19.10062000000,69.59341000000,0
8.67116000000,59.84750000000,0
19.41625000000,69.69789000000,0
18.93499000000,69.66121000000,0
30.68990000000,70.41317000000,0
18.90373000000,69.65571000000,0
8.85025000000,59.77479000000,0
29.12782000000,69.18668000000,0
10.55952000000,59.91309000000,0
5.74616000000,58.53736000000,0
5.75129000000,58.53637000000,0
8.35640000000,61.59773000000,0
8.97954000000,59.21837000000,0
9.30563000000,62.31499000000,0
6.21293000000,59.82754000000,0
29.17759000000,69.14997000000,0
7.71035000000,60.60907000000,0
28.96854000000,69.14951000000,0
4.88725000000,59.31257000000,0
9.83921000000,61.90108000000,0
28.94936000000,69.12175000000,0
8.43316000000,61.64210000000,0
9.67177000000,62.33159000000,0
15.59018000000,66.74826000000,0
14.29864000000,66.41170000000,0
20.84604000000,77.53872000000,0
25.30900000000,70.18648000000,0
5.56093000000,58.86707000000,0
15.63782000000,78.21417000000,0
5.59261000000,59.02033000000,0
8.04225000000,59.70438000000,0
10.14592000000,62.11404000000,0
9.24829000000,62.00692000000,0
9.13021000000,62.05469000000,0
10.60988000000,62.11051000000,0
22.88150000000,78.05758000000,0
8.08790000000,58.20871000000,0
7.34438000000,61.28581000000,0
14.21078000000,78.06214000000,0
7.33296000000,61.28757000000,0
10.23312000000,60.08397000000,0
10.25934000000,60.04632000000,0
19.29306000000,69.22194000000,0
31.04037000000,70.31602000000,0
18.16389000000,77.50389000000,0
12.03775000000,61.80007000000,0
19.04555000000,69.62609000000,0
12.14815000000,61.54949000000,0
7.38174000000,63.02386000000,0
10.93194000000,60.87573000000,0
18.11472000000,69.77316000000,0
29.09658000000,70.86037000000,0
30.72561000000,70.46600000000,0
19.94840000000,69.77042000000,0
18.71912000000,70.07899000000,0
19.69384000000,68.97027000000,0
19.11523000000,69.59536000000,0
28.43374000000,70.49342000000,0
18.33829000000,69.73565000000,0
8.57093000000,61.14938000000,0
10.85670000000,62.12053000000,0
28.81192000000,70.50311000000,0
11.44813000000,63.79594000000,0
29.99645000000,70.53607000000,0
19.44439000000,68.74428000000,0
18.65090000000,69.03747000000,0
16.39083000000,69.04051000000,0
9.79982000000,61.87757000000,0
19.44503000000,68.84100000000,0
5.66351000000,58.80228000000,0
7.66946000000,60.60780000000,0
9.42539000000,60.03781000000,0
8.45395000000,61.65001000000,0
7.50542000000,60.55398000000,0
16.52830000000,68.67433000000,0
7.68446000000,60.60903000000,0
8.43613000000,61.59795000000,0
6.45548000000,60.91152000000,0
19.86287000000,68.92254000000,0
23.26867000000,69.93366000000,0
7.62132000000,60.62437000000,0
29.05608000000,69.16615000000,0
5.52917000000,58.74686000000,0
5.55011000000,58.81114000000,0
10.10439000000,62.12340000000,0
5.70669000000,58.53644000000,0
9.24189000000,61.85035000000,0
22.84431000000,78.25042000000,0
10.43261000000,59.82348000000,0
28.20558000000,71.08203000000,0
10.94035000000,60.57295000000,0
18.50133000000,69.67458000000,0
15.17124000000,69.06609000000,0
8.17581000000,62.47997000000,0
11.09868000000,61.56593000000,0
16.52173000000,69.07050000000,0
16.00555000000,78.12944000000,0
14.21667000000,78.04305000000,0
14.20806000000,78.07667000000,0
11.63083000000,79.84388000000,0
10.73504000000,59.98606000000,0
9.73190000000,60.63056000000,0
28.74832000000,70.82995000000,0
19.09103000000,69.66734000000,0
8.51559000000,61.86850000000,0
9.28373000000,62.32023000000,0
18.33095000000,68.86374000000,0
8.75852000000,59.79974000000,0
26.22920000000,69.81282000000,0
19.12869000000,69.59798000000,0
19.54794000000,68.83786000000,0
30.48178000000,70.21875000000,0
9.01651000000,58.57155000000,0
8.98252000000,58.56194000000,0
8.74880000000,61.04189000000,0
11.93565000000,61.91988000000,0
8.75983000000,61.04712000000,0
10.87718000000,59.92683000000,0
8.84242000000,60.98526000000,0
28.94722000000,69.15422000000,0
29.00525000000,69.08059000000,0
24.75401000000,71.09780000000,0
29.01571000000,69.16266000000,0
7.90604000000,60.50853000000,0
16.00277000000,78.17473000000,0
29.86253000000,70.50583000000,0
15.70068000000,78.21882000000,0
8.70686000000,62.96667000000,0
10.64426000000,62.09583000000,0
9.15431000000,62.05562000000,0
5.59470000000,62.40393000000,0
10.97351000000,60.56998000000,0
8.34558000000,62.87724000000,0
8.68438000000,61.86231000000,0
9.03633000000,60.64194000000,0
12.25055000000,59.94483000000,0
30.67222000000,70.25117000000,0
8.78863000000,61.12005000000,0
9.26868000000,62.32009000000,0
8.74615000000,61.09852000000,0
30.11486000000,70.07756000000,0
10.57989000000,59.95342000000,0
19.00505000000,69.60371000000,0
19.51115000000,68.82949000000,0
8.89831000000,61.54152000000,0
7.47724000000,61.10289000000,0
8.41712000000,59.60923000000,0
8.44824000000,61.68585000000,0
8.36762000000,61.59810000000,0
28.96800000000,69.16202000000,0
7.83874000000,61.51900000000,0
15.12232000000,69.01849000000,0
15.65424000000,78.21698000000,0
10.01035000000,62.32268000000,0
8.52629000000,61.15597000000,0
18.99900000000,69.58533000000,0
11.10468000000,60.25128000000,0
8.59741000000,62.99191000000,0
15.98539000000,67.99749000000,0
7.65952000000,62.43374000000,0
18.90783000000,69.63715000000,0
8.38193000000,61.82741000000,0
7.63723000000,58.09735000000,0
20.16935000000,68.97675000000,0
10.77148000000,59.92050000000,0
10.26423000000,63.32360000000,0
20.31777000000,69.37889000000,0
8.00143000000,58.14086000000,0
9.09522000000,61.87994000000,0
8.65996000000,59.84771000000,0
7.76595000000,61.86140000000,0
8.02540000000,59.76792000000,0
10.21385000000,62.17413000000,0
18.43026000000,68.83362000000,0
29.06125000000,69.32556000000,0
9.88954000000,59.78120000000,0
29.09583000000,69.18671000000,0
23.12003000000,78.05894000000,0
14.58239000000,67.29052000000,0
8.68416000000,62.99745000000,0
7.25198000000,60.88186000000,0
5.51948000000,58.72882000000,0
16.56027000000,76.57944000000,0
6.01110000000,58.43734000000,0
8.68208000000,59.85465000000,0
8.64931000000,59.85461000000,0
30.04014000000,69.45371000000,0
8.79756000000,59.92660000000,0
15.68535000000,78.22090000000,0
24.91089000000,70.18327000000,0
29.27788000000,70.79336000000,0
18.14797000000,69.62861000000,0
29.00871000000,70.87259000000,0
8.70336000000,58.39636000000,0
10.61817000000,59.91731000000,0
20.47860000000,80.62877000000,0
10.50469000000,59.89458000000,0
10.67014000000,59.91560000000,0
8.90769000000,58.47772000000,0
8.70896000000,58.50118000000,0
5.87207000000,58.43492000000,0
15.33140000000,78.23539000000,0
8.58799000000,62.98968000000,0
24.09862000000,70.26857000000,0
14.73967000000,67.38811000000,0
8.88361000000,58.45685000000,0
18.58142000000,69.51677000000,0
8.08709000000,61.75714000000,0
20.27021000000,69.71654000000,0
5.54333000000,59.89260000000,0
8.07326000000,61.64805000000,0
20.27471000000,69.37254000000,0
30.66085000000,70.42964000000,0
10.36991000000,59.87489000000,0
11.98034000000,61.91083000000,0
10.66840000000,62.22248000000,0
7.85820000000,62.00204000000,0
10.24935000000,62.18389000000,0
29.04568000000,69.08861000000,0
29.04107000000,69.03903000000,0
14.73733000000,66.24762000000,0
8.80141000000,58.49669000000,0
5.55128000000,58.80076000000,0
22.80586000000,78.24608000000,0
11.65009000000,59.13953000000,0
7.97577000000,58.07632000000,0
28.08619000000,70.28318000000,0
12.30701000000,61.31397000000,0
18.32513000000,69.76151000000,0
8.66763000000,58.37116000000,0
18.76991000000,69.54319000000,0
18.99740000000,69.61795000000,0
28.14012000000,70.27615000000,0
17.40866000000,69.16934000000,0
17.45410000000,68.44934000000,0
10.46373000000,59.83103000000,0
10.73640000000,59.97126000000,0
8.81456000000,60.68023000000,0
18.06191000000,69.13397000000,0
19.65187000000,68.97161000000,0
9.91008000000,59.91074000000,0
30.83050000000,69.77840000000,0
7.06684000000,62.31068000000,0
10.75744000000,59.93714000000,0
28.85730000000,70.15149000000,0
12.02715000000,61.88845000000,0
11.35329000000,62.56952000000,0
11.56131000000,62.33093000000,0
29.10824000000,70.60603000000,0
9.41202000000,62.69866000000,0
15.73638000000,78.18444000000,0
29.24500000000,70.79758000000,0
8.15337000000,61.65849000000,0
8.17784000000,60.49157000000,0
25.31813000000,70.18536000000,0
17.24842000000,69.02467000000,0
19.43327000000,68.81517000000,0
18.11833000000,69.62123000000,0
8.21391000000,62.45939000000,0
17.60145000000,68.42322000000,0
25.02352000000,70.05796000000,0
7.35797000000,61.27829000000,0
7.13034000000,60.49144000000,0
15.40624000000,66.67127000000,0
19.20397000000,69.72713000000,0
18.90115000000,69.01918000000,0
16.88092000000,69.15591000000,0
18.49363000000,68.78786000000,0
9.25710000000,61.96403000000,0
14.60319000000,67.40183000000,0
16.61694000000,78.70385000000,0
10.56560000000,62.97125000000,0
8.45075000000,61.59308000000,0
28.10269000000,70.08393000000,0
10.74593000000,59.97139000000,0
7.76943000000,62.96522000000,0
14.58965000000,67.30084000000,0
24.95584000000,70.05950000000,0
10.41335000000,59.61154000000,0
16.83643000000,69.20555000000,0
8.74991000000,61.06093000000,0
8.73423000000,60.88447000000,0
10.39160000000,62.19727000000,0
8.72461000000,58.39311000000,0
8.78320000000,61.29598000000,0
8.58042000000,60.28198000000,0
19.30960000000,69.70339000000,0
7.71600000000,61.81239000000,0
10.08130000000,62.11783000000,0
18.97111000000,69.70145000000,0
8.36122000000,61.90195000000,0
8.67235000000,60.99601000000,0
9.16105000000,62.03789000000,0
7.14198000000,60.49404000000,0
8.76457000000,59.97904000000,0
6.02853000000,62.50975000000,0
28.80324000000,70.81582000000,0
9.65028000000,62.30145000000,0
9.10458000000,62.07038000000,0
14.63980000000,67.42312000000,0
6.34618000000,58.84165000000,0
10.50376000000,59.80293000000,0
26.75669000000,69.95570000000,0
5.73119000000,58.86282000000,0
8.00469000000,59.87729000000,0
28.56673000000,70.17100000000,0
8.74606000000,60.85782000000,0
14.48464000000,67.32967000000,0
7.84520000000,61.88791000000,0
5.80267000000,58.49970000000,0
5.75274000000,58.95199000000,0
14.85360000000,67.35226000000,0
8.39365000000,60.58637000000,0
8.66574000000,63.01446000000,0
9.57505000000,62.21587000000,0
9.09022000000,60.56533000000,0
10.57891000000,59.93269000000,0
10.59922000000,59.89400000000,0
9.47884000000,62.18077000000,0
17.47054000000,68.44830000000,0
-4.82162000000,56.20543000000,0
-3.90421000000,57.21150000000,0
-2.53735000000,54.25931000000,0
-3.95102000000,51.63712000000,0
-2.84437000000,54.25755000000,0
-9.67490000000,52.00524000000,0
-2.49432000000,50.57310000000,0
-1.63570000000,52.01244000000,0
-3.66873000000,51.82133000000,0
-3.15639000000,54.43474000000,0
-2.07643000000,54.08071000000,0
-4.27141000000,52.26090000000,0
-0.30759000000,52.45046000000,0
-0.45154000000,52.54236000000,0
-0.30066000000,52.63020000000,0
-8.50884000000,51.92616000000,0
-6.19689000000,56.97585000000,0
-6.67189000000,58.12849000000,0
-4.07499000000,51.18529000000,0
-0.68659000000,54.52302000000,0
-3.00223000000,54.43611000000,0
-7.76978000000,54.26353000000,0
-1.47180000000,53.54023000000,0
-1.46842000000,53.80990000000,0
-4.64682000000,51.17375000000,0
-4.18003000000,50.37384000000,0
-1.34689000000,51.83135000000,0
-3.98657000000,52.44589000000,0
-4.36616000000,56.66439000000,0
-4.13362000000,52.44333000000,0
-6.36094000000,56.97023000000,0
-4.32215000000,55.94617000000,0
-3.99062000000,52.53574000000,0
-3.83950000000,52.44827000000,0
-3.83577000000,52.35840000000,0
-4.69964000000,52.07200000000,0
-3.83205000000,52.26854000000,0
-3.98254000000,52.35603000000,0
-3.39819000000,52.45431000000,0
-4.81719000000,51.61952000000,0
-8.23022000000,54.26353000000,0
-9.27951000000,53.44822000000,0
-7.32111000000,53.54300000000,0
-2.53618000000,54.16943000000,0
-9.37274000000,51.64959000000,0
-7.18064000000,53.00293000000,0
-10.69882000000,52.07612000000,0
-3.11993000000,53.08664000000,0
-1.77552000000,53.18160000000,0
-3.52368000000,51.82330000000,0
-7.76928000000,54.35338000000,0
-1.62509000000,53.27112000000,0
-3.23354000000,51.82670000000,0
-2.38299000000,54.17002000000,0
-2.84254000000,54.16768000000,0
-1.63423000000,52.19227000000,0
-1.19294000000,60.00789000000,0
-1.36885000000,60.18845000000,0
-5.25633000000,51.69811000000,0
-4.38894000000,51.71896000000,0
-4.24428000000,51.72181000000,0
-5.26670000000,57.63292000000,0
-1.78054000000,52.19263000000,0
-3.53969000000,56.40777000000,0
-3.68976000000,56.13621000000,0
-3.82933000000,55.68484000000,0
-4.33842000000,56.21551000000,0
-3.85928000000,56.31352000000,0
-6.52540000000,58.31368000000,0
-0.59896000000,52.54419000000,0
-1.18038000000,52.99919000000,0
-4.01142000000,56.13139000000,0
-4.82614000000,54.04753000000,0
-1.62587000000,53.18122000000,0
-1.92486000000,53.36158000000,0
-1.47403000000,53.36045000000,0
-1.47623000000,53.18066000000,0
-1.47292000000,53.45034000000,0
-1.77505000000,53.27150000000,0
-1.62665000000,53.09133000000,0
-1.47513000000,53.27056000000,0
-1.92357000000,54.08071000000,0
-1.61701000000,54.17002000000,0
-7.17722000000,53.18264000000,0
-2.53852000000,54.34919000000,0
-7.45082000000,55.16092000000,0
-8.36346000000,51.92670000000,0
-2.69388000000,54.43828000000,0
-3.86366000000,56.40332000000,0
-2.07920000000,55.51872000000,0
-3.00443000000,54.52598000000,0
-4.51128000000,56.39190000000,0
-3.69372000000,56.22602000000,0
-3.00005000000,54.34625000000,0
-4.26826000000,57.74464000000,0
-4.46107000000,50.36823000000,0
-10.55309000000,52.07937000000,0
-3.15893000000,54.52460000000,0
0.57461000000,52.43454000000,0
-4.11643000000,52.08392000000,0
-3.40086000000,57.03842000000,0
-1.48585000000,52.37154000000,0
-2.07375000000,52.55246000000,0
-7.36970000000,57.11090000000,0
-3.85083000000,52.71785000000,0
-8.38370000000,54.26314000000,0
-7.18737000000,52.64349000000,0
-1.64072000000,51.38300000000,0
-3.12462000000,53.26641000000,0
-1.18712000000,52.63960000000,0
-3.68898000000,52.36059000000,0
-1.34819000000,51.74144000000,0
-7.33099000000,52.91401000000,0
-7.61546000000,54.35298000000,0
-0.99557000000,54.52598000000,0
-5.03432000000,50.53461000000,0
-3.37862000000,51.82509000000,0
-3.14886000000,54.16514000000,0
-1.37397000000,59.91907000000,0
-3.82515000000,55.59502000000,0
-4.02561000000,56.40078000000,0
-4.05969000000,57.02931000000,0
-4.80851000000,56.02593000000,0
-4.17728000000,56.21846000000,0
-4.23984000000,51.63196000000,0
-2.36651000000,52.28218000000,0
-1.77829000000,52.64218000000,0
-1.63349000000,52.28218000000,0
-1.77875000000,52.55228000000,0
-1.18377000000,52.81940000000,0
-1.17868000000,53.08908000000,0
-1.03138000000,52.99807000000,0
-10.04906000000,53.79699000000,0
-3.34003000000,55.33166000000,0
-7.60772000000,55.16153000000,0
-8.38454000000,54.35298000000,0
-1.92307000000,54.35037000000,0
-1.62271000000,53.54080000000,0
-1.62430000000,53.36102000000,0
-7.76410000000,55.25176000000,0
-9.43302000000,53.53634000000,0
-9.37546000000,51.73945000000,0
-6.50625000000,55.24285000000,0
-2.38550000000,54.43966000000,0
-6.82329000000,55.15648000000,0
-2.21307000000,50.84377000000,0
-3.16405000000,54.70432000000,0
-4.23542000000,51.54210000000,0
-4.65439000000,56.11924000000,0
0.37484000000,51.44942000000,0
-3.69769000000,56.31584000000,0
-1.92454000000,53.54138000000,0
-2.21991000000,52.28255000000,0
-3.48091000000,54.88063000000,0
-3.78895000000,51.19002000000,0
-3.67541000000,52.00109000000,0
-9.97393000000,52.18039000000,0
-3.12227000000,53.17653000000,0
-8.53717000000,54.26255000000,0
-8.50682000000,51.74640000000,0
-8.84410000000,54.26080000000,0
-9.65834000000,51.55600000000,0
-9.81321000000,51.82340000000,0
-9.88133000000,53.44026000000,0
-8.22873000000,53.99399000000,0
-3.16148000000,54.61446000000,0
-3.81376000000,51.81918000000,0
-3.42743000000,53.35307000000,0
-7.18903000000,52.55363000000,0
-9.24308000000,52.19036000000,0
-4.96892000000,58.08968000000,0
-1.77458000000,53.36140000000,0
-1.92502000000,53.27169000000,0
-2.54327000000,54.70869000000,0
-3.88142000000,56.76253000000,0
-1.92640000000,52.46255000000,0
-4.49369000000,56.12259000000,0
-4.33297000000,56.12573000000,0
-1.92470000000,53.45148000000,0
-1.92323000000,54.26048000000,0
-1.63275000000,52.37209000000,0
-10.26613000000,52.17514000000,0
-9.52019000000,51.73766000000,0
-9.14354000000,53.98876000000,0
-5.61178000000,54.41983000000,0
-2.84993000000,54.52717000000,0
-2.54207000000,54.61882000000,0
-8.38122000000,53.99360000000,0
-0.44836000000,52.63223000000,0
-2.65704000000,52.10109000000,0
-6.66344000000,55.24467000000,0
-9.52931000000,52.00722000000,0
-8.07742000000,54.62310000000,0
-3.62232000000,54.51927000000,0
-3.65558000000,51.46179000000,0
0.29467000000,52.71009000000,0
-8.98685000000,53.81044000000,0
-8.85152000000,54.62014000000,0
-2.63676000000,50.66235000000,0
-8.07328000000,52.28676000000,0
-3.58089000000,57.39569000000,0
-4.52917000000,56.66118000000,0
-7.92472000000,53.45505000000,0
-7.92137000000,55.25196000000,0
-1.37057000000,60.09866000000,0
-4.62289000000,53.24285000000,0
-2.56338000000,56.14648000000,0
-3.83354000000,55.77466000000,0
-3.65895000000,55.41763000000,0
-1.78009000000,52.28255000000,0
-1.92655000000,52.37264000000,0
-6.88736000000,52.82081000000,0
-3.56939000000,57.12627000000,0
-5.45786000000,54.41669000000,0
-4.66683000000,56.29876000000,0
-3.15387000000,54.34487000000,0
-6.50287000000,55.33265000000,0
-9.95818000000,51.82108000000,0
-2.84806000000,54.43730000000,0
-5.11184000000,51.70203000000,0
-2.97266000000,53.17784000000,0
-0.74895000000,52.45596000000,0
-3.65234000000,51.37190000000,0
-8.98897000000,53.90028000000,0
-6.89192000000,52.64110000000,0
-3.39414000000,56.85878000000,0
-4.64822000000,56.02948000000,0
-8.23123000000,54.44322000000,0
-1.15194000000,54.43730000000,0
-3.24598000000,52.27618000000,0
-4.39369000000,51.80880000000,0
-2.38635000000,54.52953000000,0
-4.41293000000,52.16816000000,0
-7.77028000000,54.17368000000,0
-1.36712000000,60.27824000000,0
-3.84703000000,52.62799000000,0
-1.77965000000,52.37246000000,0
-1.92625000000,52.55246000000,0
-1.03339000000,52.90818000000,0
-1.18208000000,52.90929000000,0
-8.38622000000,54.53267000000,0
-7.63211000000,52.46596000000,0
-10.12432000000,52.26767000000,0
-4.54296000000,54.41350000000,0
-4.21798000000,51.18267000000,0
-3.27187000000,53.17502000000,0
-6.53585000000,57.05395000000,0
-7.48705000000,52.28567000000,0
-5.18841000000,56.73594000000,0
-3.38414000000,52.00487000000,0
-4.45775000000,52.97660000000,0
-4.97321000000,51.79557000000,0
-4.49421000000,50.99720000000,0
-9.53238000000,52.09707000000,0
-5.58445000000,55.73603000000,0
-5.12173000000,55.92849000000,0
-7.45570000000,54.80159000000,0
-1.19512000000,59.91809000000,0
-3.94717000000,51.54724000000,0
-2.22930000000,54.08052000000,0
-4.32938000000,50.55085000000,0
-2.99787000000,54.25638000000,0
-3.34307000000,55.42150000000,0
-1.04326000000,52.45870000000,0
-3.80866000000,55.23574000000,0
-8.23590000000,55.25176000000,0
-7.92154000000,55.16213000000,0
-9.44219000000,53.80583000000,0
-3.12699000000,53.35629000000,0
-1.77363000000,53.54118000000,0
-7.47530000000,53.27419000000,0
-1.33896000000,52.37081000000,0
-1.92406000000,53.81105000000,0
-4.60155000000,50.36517000000,0
-3.31630000000,54.61288000000,0
-7.92172000000,55.07230000000,0
-5.18083000000,56.64623000000,0
-9.28222000000,53.53806000000,0
-1.92670000000,52.28273000000,0
-3.30282000000,58.92610000000,0
-3.25360000000,52.54585000000,0
-2.38382000000,54.25990000000,0
-1.01094000000,60.09646000000,0
-3.55803000000,52.81198000000,0
-2.07345000000,52.37264000000,0
-2.38216000000,54.08013000000,0
-1.77599000000,53.09170000000,0
-5.28153000000,55.92433000000,0
-5.62216000000,54.24030000000,0
-9.66491000000,51.73570000000,0
-5.27396000000,55.83462000000,0
-7.39581000000,57.28979000000,0
-2.56207000000,56.05663000000,0
-1.92373000000,53.99083000000,0
-2.21226000000,50.66390000000,0
-8.51295000000,52.28567000000,0
-3.97852000000,52.26617000000,0
-9.58045000000,53.44462000000,0
-1.61948000000,53.90036000000,0
-2.72773000000,56.32533000000,0
-2.07660000000,54.17060000000,0
-1.19075000000,60.09768000000,0
-1.17523000000,53.26886000000,0
-4.49952000000,56.21236000000,0
-10.20544000000,53.88409000000,0
-7.92189000000,54.98246000000,0
-5.04472000000,54.94140000000,0
-3.57704000000,57.30588000000,0
-4.82824000000,56.29517000000,0
-5.03240000000,56.82973000000,0
-2.22354000000,53.00180000000,0
-3.64775000000,55.14814000000,0
-4.97640000000,58.17938000000,0
-4.67356000000,54.05102000000,0
-2.07610000000,53.90094000000,0
-4.99664000000,56.38111000000,0
-1.32939000000,53.00012000000,0
-8.53601000000,54.17271000000,0
-1.77314000000,53.63108000000,0
-2.22980000000,54.17040000000,0
-2.07062000000,50.57413000000,0
-2.22080000000,52.46237000000,0
-5.21918000000,57.09475000000,0
-1.77070000000,54.08052000000,0
-3.30483000000,54.25345000000,0
-7.63361000000,52.28621000000,0
-9.51719000000,51.64781000000,0
-5.15094000000,56.28738000000,0
-2.24033000000,55.96781000000,0
-4.34390000000,56.30529000000,0
-4.35182000000,51.00016000000,0
-9.80603000000,51.64372000000,0
-1.18854000000,60.18747000000,0
0.37019000000,51.35957000000,0
-5.43389000000,57.62848000000,0
0.75530000000,52.97007000000,0
-1.03539000000,52.81828000000,0
-9.73825000000,53.62216000000,0
-7.18570000000,52.73336000000,0
-8.83150000000,53.63190000000,0
-7.77745000000,52.82581000000,0
-4.67310000000,56.38851000000,0
-4.89338000000,50.53820000000,0
-4.62141000000,50.72455000000,0
-0.45469000000,52.45248000000,0
0.44257000000,52.70714000000,0
-6.25303000000,49.95648000000,0
-2.65837000000,52.19100000000,0
-4.82838000000,51.79914000000,0
-8.22923000000,54.08384000000,0
-0.30413000000,52.54034000000,0
-1.17696000000,53.17897000000,0
-3.81686000000,55.41538000000,0
-1.92685000000,52.19281000000,0
-9.59054000000,53.71409000000,0
-2.23868000000,55.69824000000,0
-2.70315000000,54.97750000000,0
-5.39215000000,57.18009000000,0
-3.58867000000,57.57529000000,0
-8.84227000000,54.17096000000,0
-1.92533000000,53.09189000000,0
-2.07693000000,54.35037000000,0
-4.12778000000,55.32048000000,0
-10.03603000000,53.52759000000,0
-4.19249000000,50.64346000000,0
-4.09131000000,51.54476000000,0
-8.39052000000,54.98186000000,0
-4.74201000000,50.36194000000,0
-2.40055000000,55.96740000000,0
-6.98244000000,55.06807000000,0
-3.95489000000,51.72699000000,0
-6.66644000000,55.15486000000,0
-2.37103000000,52.82162000000,0
-3.01562000000,54.97529000000,0
-10.27071000000,52.26495000000,0
-4.74394000000,52.79047000000,0
-1.46728000000,53.89978000000,0
-9.67155000000,51.91539000000,0
-0.65073000000,50.83616000000,0
-1.46613000000,53.98967000000,0
-0.14152000000,52.89757000000,0
-5.01797000000,56.65029000000,0
-1.14820000000,54.61703000000,0
-10.12004000000,52.17786000000,0
-4.09544000000,51.63463000000,0
-8.21808000000,51.92706000000,0
-9.71645000000,53.08324000000,0
-1.77217000000,53.81086000000,0
-2.85180000000,54.61703000000,0
-9.80961000000,51.73356000000,0
-4.48940000000,50.90735000000,0
-3.11529000000,52.90687000000,0
-4.18239000000,56.30824000000,0
-1.77169000000,53.90075000000,0
-2.74352000000,57.13389000000,0
-4.26227000000,52.08121000000,0
-7.62677000000,53.09504000000,0
-8.22972000000,54.17368000000,0
-6.07045000000,55.81081000000,0
-1.76970000000,54.26029000000,0
-0.99335000000,54.61585000000,0
-1.92390000000,53.90094000000,0
-10.03174000000,53.43779000000,0
-1.62029000000,53.81047000000,0
0.90404000000,52.96653000000,0
-9.58716000000,53.62426000000,0
-8.79640000000,51.74480000000,0
-1.77920000000,52.46237000000,0
-1.04131000000,52.54860000000,0
-4.88951000000,57.10279000000,0
-4.21368000000,51.09280000000,0
-3.08845000000,51.82813000000,0
-2.41010000000,56.86589000000,0
-9.52626000000,51.91737000000,0
-4.60648000000,50.45502000000,0
-5.05437000000,57.09888000000,0
-0.74640000000,52.54585000000,0
-7.76195000000,55.61108000000,0
0.01122000000,52.98500000000,0
0.38421000000,51.62912000000,0
-4.66059000000,56.20900000000,0
-3.50871000000,51.37384000000,0
-3.09943000000,52.27763000000,0
-1.48270000000,52.64126000000,0
-2.08030000000,56.05788000000,0
-7.31967000000,53.63285000000,0
-7.31676000000,53.81255000000,0
-3.95878000000,51.81685000000,0
-1.47949000000,52.91097000000,0
-2.22171000000,52.64218000000,0
-1.92549000000,53.00199000000,0
-7.92642000000,52.46651000000,0
-3.76015000000,57.66287000000,0
-4.18753000000,56.39803000000,0
-2.72944000000,56.41518000000,0
-2.69237000000,54.34840000000,0
-4.97567000000,56.11191000000,0
-7.03169000000,53.00181000000,0
-7.76516000000,55.07210000000,0
-9.42999000000,53.44651000000,0
-1.48375000000,52.55136000000,0
-3.31341000000,54.52302000000,0
-0.14536000000,52.80771000000,0
-3.85060000000,56.13390000000,0
-2.08262000000,57.13606000000,0
